rank,firstName,lastName,position,team,consensus_pts,source_count,underdog_pts,clay_pts,spread_pct,avg_pass_yards,avg_pass_tds,avg_interceptions,avg_rush_yards,avg_rush_tds,avg_receptions,avg_rec_yards,avg_rec_tds,avg_fumbles_lost,underdog_date,clay_date
1,Josh,Allen,QB,Buffalo Bills,365.1,2,363.5,366.8,0.9,3706.0,25.0,11.0,576.0,12.0,,,,,2026-04-05,4/2/2026
2,Jayden,Daniels,QB,Washington Commanders,327.5,2,317.7,337.4,6.0,3893.0,24.0,10.0,657.0,5.0,,,,,2026-04-05,4/2/2026
3,Lamar,Jackson,QB,Baltimore Ravens,326.5,2,323.3,329.7,2.0,3674.0,25.0,9.0,677.0,4.0,,,,,2026-04-05,4/2/2026
4,Jalen,Hurts,QB,Philadelphia Eagles,325.1,2,314.5,335.8,6.6,3707.0,24.0,9.0,465.0,9.0,,,,,2026-04-05,4/2/2026
5,Drake,Maye,QB,New England Patriots,319.5,2,315.6,323.4,2.4,3866.0,26.0,11.0,518.0,4.0,,,,,2026-04-05,4/2/2026
6,Bijan,Robinson,RB,Atlanta Falcons,310.9,2,294.9,327.0,10.3,,,,1347.0,9.0,77.0,758.0,4.0,,2026-04-05,4/2/2026
7,Joe,Burrow,QB,Cincinnati Bengals,308.5,2,308.1,308.9,0.3,4028.0,32.0,11.0,188.0,2.0,,,,,2026-04-05,4/2/2026
8,Brock,Purdy,QB,San Francisco 49ers,308.2,2,297.7,318.8,6.8,4308.0,27.0,13.0,275.0,4.0,,,,,2026-04-05,4/2/2026
9,Trevor,Lawrence,QB,Jacksonville Jaguars,305.9,2,306.2,305.6,0.2,3858.0,25.0,12.0,333.0,5.0,,,,,2026-04-05,4/2/2026
10,Dak,Prescott,QB,Dallas Cowboys,304.2,2,309.9,298.5,3.7,4088.0,29.0,12.0,190.0,2.0,,,,,2026-04-05,4/2/2026
11,Jaxson,Dart,QB,New York Giants,303.9,2,304.5,303.2,0.4,3549.0,20.0,10.0,552.0,6.0,,,,,2026-04-05,4/2/2026
12,Patrick,Mahomes,QB,Kansas City Chiefs,302.1,2,290.0,314.3,8.0,3907.0,27.0,11.0,370.0,4.0,,,,,2026-04-05,4/2/2026
13,Jahmyr,Gibbs,RB,Detroit Lions,301.8,2,277.9,325.7,15.8,,,,1385.0,14.0,64.0,532.0,3.0,,2026-04-05,4/2/2026
14,Bo,Nix,QB,Denver Broncos,298.9,2,299.7,298.0,0.6,3639.0,26.0,11.0,354.0,4.0,,,,,2026-04-05,4/2/2026
15,Justin,Herbert,QB,Los Angeles Chargers,294.8,2,307.3,282.2,8.5,3542.0,25.0,10.0,385.0,2.0,,,,,2026-04-05,4/2/2026
16,Caleb,Williams,QB,Chicago Bears,293.4,2,303.3,283.5,6.7,3498.0,26.0,10.0,376.0,2.0,,,,,2026-04-05,4/2/2026
17,Christian,McCaffrey,RB,San Francisco 49ers,288.6,2,260.0,317.2,19.8,,,,1163.0,10.0,79.0,714.0,5.0,,2026-04-05,4/2/2026
18,Matthew,Stafford,QB,Los Angeles Rams,285.8,2,280.2,291.3,3.9,3974.0,33.0,10.0,43.0,1.0,,,,,2026-04-05,4/2/2026
19,Baker,Mayfield,QB,Tampa Bay Buccaneers,284.5,2,280.9,288.1,2.5,3711.0,27.0,12.0,317.0,2.0,,,,,2026-04-05,4/2/2026
20,Jared,Goff,QB,Detroit Lions,281.3,2,285.5,277.1,3.0,4095.0,28.0,10.0,53.0,1.0,,,,,2026-04-05,4/2/2026
21,Jordan,Love,QB,Green Bay Packers,280.7,2,286.5,274.9,4.1,3870.0,26.0,11.0,211.0,1.0,,,,,2026-04-05,4/2/2026
22,Puka,Nacua,WR,Los Angeles Rams,277.5,2,278.0,277.0,0.4,,,,113.0,1.0,117.0,1472.0,9.0,,2026-04-05,4/2/2026
23,Jonathan,Taylor,RB,Indianapolis Colts,276.0,2,264.4,287.7,8.4,,,,1534.0,12.0,46.0,333.0,1.0,,2026-04-05,4/2/2026
24,Tyler,Shough,QB,New Orleans Saints,274.1,2,264.0,284.1,7.3,4092.0,19.0,11.0,314.0,4.0,,,,,2026-04-05,4/2/2026
25,Kyler,Murray,QB,Minnesota Vikings,272.2,2,245.0,299.4,20.0,3600.0,23.0,11.0,504.0,4.0,,,,,2026-04-05,4/2/2026
26,Malik,Willis,QB,Miami Dolphins,262.5,2,256.8,268.1,4.3,3722.0,13.0,11.0,542.0,4.0,,,,,2026-04-05,4/2/2026
27,Sam,Darnold,QB,Seattle Seahawks,261.9,2,266.7,257.0,3.7,3848.0,24.0,12.0,131.0,1.0,,,,,2026-04-05,4/2/2026
28,Daniel,Jones,QB,Indianapolis Colts,258.9,2,235.5,282.4,18.1,3570.0,21.0,11.0,306.0,6.0,,,,,2026-04-05,4/2/2026
29,Ja'Marr,Chase,WR,Cincinnati Bengals,257.6,2,247.5,267.8,7.9,,,,21.0,,118.0,1467.0,10.0,,2026-04-05,4/2/2026
30,James,Cook,RB,Buffalo Bills,257.5,2,247.3,267.7,7.9,,,,1439.0,11.0,35.0,283.0,2.0,,2026-04-05,4/2/2026
31,C.J.,Stroud,QB,Houston Texans,255.5,2,238.2,272.9,13.6,4142.0,22.0,12.0,252.0,1.0,,,,,2026-04-05,4/2/2026
32,Derrick,Henry,RB,Baltimore Ravens,252.8,2,238.2,267.4,11.6,,,,1529.0,13.0,21.0,200.0,1.0,,2026-04-05,4/2/2026
33,Jaxon,Smith-Njigba,WR,Seattle Seahawks,249.0,2,235.1,262.9,11.2,,,,26.0,,111.0,1508.0,9.0,,2026-04-05,4/2/2026
34,De'Von,Achane,RB,Miami Dolphins,248.4,2,238.5,258.4,8.0,,,,1224.0,5.0,69.0,535.0,3.0,,2026-04-05,4/2/2026
35,Cameron,Ward,QB,Tennessee Titans,245.6,1,,245.6,0,3887.0,17.0,10.0,201.0,2.0,,,,,2026-04-05,4/2/2026
36,Ashton,Jeanty,RB,Las Vegas Raiders,244.4,2,238.5,250.3,4.8,,,,1156.0,7.0,65.0,482.0,2.0,,2026-04-05,4/2/2026
37,Fernando,Mendoza,QB,Las Vegas Raiders,242.7,1,,242.7,0,3657.0,18.0,13.0,254.0,2.0,,,,,2026-04-05,4/2/2026
38,Aaron,Rodgers,QB,Pittsburgh Steelers,242.5,1,,242.5,0,3852.0,21.0,12.0,104.0,1.0,,,,,2026-04-05,4/2/2026
39,Amon-Ra,St. Brown,WR,Detroit Lions,241.9,2,227.5,256.4,11.9,,,,14.0,,112.0,1390.0,10.0,,2026-04-05,4/2/2026
40,Bryce,Young,QB,Carolina Panthers,240.6,2,229.3,251.8,9.4,3418.0,22.0,12.0,271.0,2.0,,,,,2026-04-05,4/2/2026
41,Saquon,Barkley,RB,Philadelphia Eagles,240.4,2,226.0,254.8,12.0,,,,1314.0,9.0,43.0,359.0,2.0,,2026-04-05,4/2/2026
42,Cam,Ward,QB,Tennessee Titans,233.8,1,233.8,,0,,,,,,,,,,2026-04-05,4/2/2026
43,CeeDee,Lamb,WR,Dallas Cowboys,233.2,2,222.5,243.8,9.1,,,,13.0,,103.0,1370.0,9.0,,2026-04-05,4/2/2026
44,Omarion,Hampton,RB,Los Angeles Chargers,231.6,2,221.7,241.4,8.5,,,,1123.0,9.0,55.0,356.0,2.0,,2026-04-05,4/2/2026
45,Josh,Jacobs,RB,Green Bay Packers,230.7,2,201.3,260.1,25.5,,,,1251.0,13.0,35.0,275.0,2.0,,2026-04-05,4/2/2026
46,Kenneth,Walker III,RB,Kansas City Chiefs,228.4,2,212.0,244.8,14.4,,,,1185.0,9.0,48.0,363.0,2.0,,2026-04-05,4/2/2026
47,Breece,Hall,RB,New York Jets,226.6,2,205.6,247.5,18.5,,,,1172.0,7.0,53.0,438.0,3.0,,2026-04-05,4/2/2026
48,Chase,Brown,RB,Cincinnati Bengals,226.1,2,209.8,242.4,14.4,,,,1075.0,8.0,59.0,394.0,3.0,,2026-04-05,4/2/2026
49,Javonte,Williams,RB,Dallas Cowboys,224.7,2,187.8,261.5,32.8,,,,1370.0,12.0,37.0,220.0,2.0,,2026-04-05,4/2/2026
50,Rashee,Rice,WR,Kansas City Chiefs,224.2,2,199.3,249.2,22.3,,,,41.0,1.0,107.0,1256.0,10.0,,2026-04-05,4/2/2026
51,Drake,London,WR,Atlanta Falcons,218.6,2,195.7,241.6,21.0,,,,,,107.0,1401.0,8.0,,2026-04-05,4/2/2026
52,Justin,Jefferson,WR,Minnesota Vikings,218.0,2,203.6,232.4,13.2,,,,11.0,,107.0,1298.0,8.0,,2026-04-05,4/2/2026
53,Kyren,Williams,RB,Los Angeles Rams,214.8,2,193.3,236.3,20.0,,,,1214.0,11.0,32.0,209.0,2.0,,2026-04-05,4/2/2026
54,Malik,Nabers,WR,New York Giants,213.1,2,200.4,225.7,11.9,,,,23.0,,98.0,1264.0,8.0,,2026-04-05,4/2/2026
55,Chris,Olave,WR,New Orleans Saints,204.8,2,188.5,221.1,15.9,,,,,,95.0,1316.0,7.0,,2026-04-05,4/2/2026
56,Nico,Collins,WR,Houston Texans,204.4,2,196.0,212.9,8.3,,,,12.0,,86.0,1267.0,7.0,,2026-04-05,4/2/2026
57,Trey,McBride,TE,Arizona Cardinals,202.3,2,191.4,213.2,10.8,,,,,,119.0,1177.0,6.0,,2026-04-05,4/2/2026
58,Garrett,Wilson,WR,New York Jets,201.6,2,190.1,213.0,11.4,,,,11.0,,108.0,1279.0,5.0,,2026-04-05,4/2/2026
59,Travis,Etienne Jr.,RB,New Orleans Saints,201.2,2,195.9,206.6,5.3,,,,1071.0,5.0,41.0,370.0,2.0,,2026-04-05,4/2/2026
60,Jacoby,Brissett,QB,Arizona Cardinals,197.4,2,136.6,258.2,61.6,3996.0,18.0,10.0,244.0,2.0,,,,,2026-04-05,4/2/2026
61,A.J.,Brown,WR,Philadelphia Eagles,197.2,2,186.6,207.8,10.8,,,,,,88.0,1218.0,7.0,,2026-04-05,4/2/2026
62,George,Pickens,WR,Dallas Cowboys,197.1,2,195.9,198.2,1.2,,,,,,79.0,1107.0,8.0,,2026-04-05,4/2/2026
63,Cam,Skattebo,RB,New York Giants,194.9,2,170.7,219.2,24.9,,,,1058.0,7.0,49.0,349.0,2.0,,2026-04-05,4/2/2026
64,Bucky,Irving,RB,Tampa Bay Buccaneers,194.8,2,183.3,206.3,11.8,,,,1089.0,6.0,38.0,304.0,2.0,,2026-04-05,4/2/2026
65,Zay,Flowers,WR,Baltimore Ravens,191.4,2,184.4,198.3,7.3,,,,59.0,,82.0,1154.0,6.0,,2026-04-05,4/2/2026
66,Geno,Smith,QB,New York Jets,191.4,2,146.8,236.0,46.6,3751.0,18.0,14.0,220.0,1.0,,,,,2026-04-05,4/2/2026
67,D'Andre,Swift,RB,Chicago Bears,191.2,2,177.4,205.1,14.5,,,,1060.0,9.0,29.0,246.0,1.0,,2026-04-05,4/2/2026
68,Quinshon,Judkins,RB,Cleveland Browns,189.6,2,169.8,209.4,20.9,,,,1194.0,7.0,37.0,235.0,1.0,,2026-04-05,4/2/2026
69,Brock,Bowers,TE,Las Vegas Raiders,189.2,2,188.0,190.5,1.3,,,,15.0,,99.0,975.0,7.0,,2026-04-05,4/2/2026
70,Tetairoa,McMillan,WR,Carolina Panthers,182.6,2,176.9,188.3,6.2,,,,,,77.0,1078.0,7.0,,2026-04-05,4/2/2026
71,Chuba,Hubbard,RB,Carolina Panthers,182.0,2,161.1,202.9,23.0,,,,1014.0,6.0,44.0,315.0,2.0,,2026-04-05,4/2/2026
72,David,Montgomery,RB,Houston Texans,178.4,2,175.8,181.0,2.9,,,,934.0,7.0,31.0,241.0,1.0,,2026-04-05,4/2/2026
73,Davante,Adams,WR,Los Angeles Rams,177.1,2,155.7,198.5,24.2,,,,,,67.0,990.0,11.0,,2026-04-05,4/2/2026
74,TreVeyon,Henderson,RB,New England Patriots,177.0,2,164.0,190.0,14.7,,,,868.0,7.0,41.0,287.0,2.0,,2026-04-05,4/2/2026
75,Jameson,Williams,WR,Detroit Lions,176.9,2,176.2,177.6,0.8,,,,47.0,1.0,61.0,1004.0,6.0,,2026-04-05,4/2/2026
76,Tee,Higgins,WR,Cincinnati Bengals,174.8,2,172.6,177.1,2.6,,,,,,72.0,931.0,8.0,,2026-04-05,4/2/2026
77,Bhayshul,Tuten,RB,Jacksonville Jaguars,174.4,2,154.9,193.8,22.3,,,,1050.0,7.0,32.0,248.0,1.0,,2026-04-05,4/2/2026
78,Terry,McLaurin,WR,Washington Commanders,173.9,2,165.6,182.2,9.5,,,,,,80.0,1062.0,6.0,,2026-04-05,4/2/2026
79,DeVonta,Smith,WR,Philadelphia Eagles,173.6,2,170.4,176.8,3.7,,,,,,83.0,993.0,6.0,,2026-04-05,4/2/2026
80,Emeka,Egbuka,WR,Tampa Bay Buccaneers,171.7,2,163.6,179.8,9.4,,,,12.0,,62.0,996.0,8.0,,2026-04-05,4/2/2026
81,Rhamondre,Stevenson,RB,New England Patriots,169.7,2,159.9,179.4,11.5,,,,768.0,7.0,37.0,301.0,2.0,,2026-04-05,4/2/2026
82,Jaylen,Warren,RB,Pittsburgh Steelers,169.4,2,161.9,176.9,8.9,,,,786.0,5.0,47.0,328.0,2.0,,2026-04-05,4/2/2026
83,Ladd,McConkey,WR,Los Angeles Chargers,168.3,2,166.6,170.1,2.1,,,,11.0,,78.0,940.0,6.0,,2026-04-05,4/2/2026
84,Tony,Pollard,RB,Tennessee Titans,167.2,2,142.9,191.5,29.1,,,,1097.0,6.0,35.0,223.0,1.0,,2026-04-05,4/2/2026
85,Rome,Odunze,WR,Chicago Bears,166.8,2,156.7,177.0,12.2,,,,,,57.0,945.0,9.0,,2026-04-05,4/2/2026
86,DK,Metcalf,WR,Pittsburgh Steelers,166.3,2,152.3,180.3,16.8,,,,12.0,,69.0,1026.0,7.0,,2026-04-05,4/2/2026
87,Mike,Evans,WR,San Francisco 49ers,165.8,2,171.0,160.5,6.3,,,,,,58.0,955.0,6.0,,2026-04-05,4/2/2026
88,Jaylen,Waddle,WR,Denver Broncos,165.2,2,155.0,175.3,12.3,,,,12.0,,80.0,981.0,6.0,,2026-04-05,4/2/2026
89,Alec,Pierce,WR,Indianapolis Colts,162.7,2,159.4,165.9,4.0,,,,,,65.0,974.0,6.0,,2026-04-05,4/2/2026
90,Luther,Burden,WR,Chicago Bears,162.1,2,166.7,157.5,5.7,,,,50.0,,73.0,860.0,5.0,,2026-04-05,4/2/2026
91,Christian,Watson,WR,Green Bay Packers,160.8,2,153.8,167.7,8.6,,,,13.0,,56.0,904.0,8.0,,2026-04-05,4/2/2026
92,J.K.,Dobbins,RB,Denver Broncos,160.6,2,147.2,174.1,16.7,,,,1034.0,7.0,21.0,122.0,1.0,,2026-04-05,4/2/2026
93,Aaron,Jones,RB,Minnesota Vikings,159.2,2,127.4,190.9,39.9,,,,888.0,5.0,49.0,356.0,2.0,,2026-04-05,4/2/2026
94,D.J.,Moore,WR,Buffalo Bills,157.8,2,149.5,166.2,10.6,,,,37.0,,64.0,885.0,7.0,,2026-04-05,4/2/2026
95,Colston,Loveland,TE,Chicago Bears,157.1,2,157.1,157.1,0.0,,,,,,78.0,821.0,6.0,,2026-04-05,4/2/2026
96,Marvin,Harrison,WR,Arizona Cardinals,156.1,2,145.7,166.6,13.4,,,,,,70.0,1016.0,5.0,,2026-04-05,4/2/2026
97,Courtland,Sutton,WR,Denver Broncos,155.9,2,139.5,172.4,21.1,,,,,,72.0,884.0,8.0,,2026-04-05,4/2/2026
98,Parker,Washington,WR,Jacksonville Jaguars,155.5,2,156.2,154.8,0.9,,,,41.0,,65.0,882.0,5.0,,2026-04-05,4/2/2026
99,Rico,Dowdle,RB,Pittsburgh Steelers,152.4,2,129.5,175.4,30.1,,,,968.0,6.0,30.0,216.0,1.0,,2026-04-05,4/2/2026
100,Jakobi,Meyers,WR,Jacksonville Jaguars,149.3,2,138.0,160.6,15.1,,,,34.0,,74.0,842.0,6.0,,2026-04-05,4/2/2026
101,Chris,Godwin,WR,Tampa Bay Buccaneers,149.0,2,139.6,158.4,12.6,,,,,,72.0,864.0,6.0,,2026-04-05,4/2/2026
102,Brian,Thomas,WR,Jacksonville Jaguars,148.5,2,152.9,144.1,5.9,,,,24.0,,55.0,842.0,5.0,,2026-04-05,4/2/2026
103,Tyler,Warren,TE,Indianapolis Colts,148.2,2,140.0,156.3,11.0,,,,15.0,,83.0,833.0,5.0,,2026-04-05,4/2/2026
104,Kyle,Monangai,RB,Chicago Bears,147.2,2,143.5,150.9,5.0,,,,768.0,6.0,25.0,196.0,1.0,,2026-04-05,4/2/2026
105,Romeo,Doubs,WR,New England Patriots,146.9,2,144.1,149.8,3.9,,,,,,63.0,823.0,6.0,,2026-04-05,4/2/2026
106,Ricky,Pearsall,WR,San Francisco 49ers,145.9,2,143.3,148.6,3.6,,,,25.0,,62.0,911.0,4.0,,2026-04-05,4/2/2026
107,RJ,Harvey,RB,Denver Broncos,145.8,2,141.8,149.7,5.4,,,,497.0,4.0,48.0,340.0,3.0,,2026-04-05,4/2/2026
108,Michael,Pittman Jr.,WR,Pittsburgh Steelers,145.8,2,133.5,158.1,16.9,,,,,,90.0,891.0,4.0,,2026-04-05,4/2/2026
109,Harold,Fannin,TE,Cleveland Browns,143.6,2,137.9,149.3,7.9,,,,21.0,,87.0,857.0,3.0,,2026-04-05,4/2/2026
110,Kyle,Pitts,TE,Atlanta Falcons,143.6,2,136.6,150.5,9.7,,,,,,81.0,920.0,3.0,,2026-04-05,4/2/2026
111,Jordan,Addison,WR,Minnesota Vikings,142.7,2,139.6,145.8,4.3,,,,15.0,,62.0,773.0,6.0,,2026-04-05,4/2/2026
112,Sam,LaPorta,TE,Detroit Lions,141.8,2,139.7,143.9,3.0,,,,,,74.0,769.0,5.0,,2026-04-05,4/2/2026
113,Michael,Wilson,WR,Arizona Cardinals,139.4,2,139.9,139.0,0.6,,,,,,69.0,865.0,3.0,,2026-04-05,4/2/2026
114,Blake,Corum,RB,Los Angeles Rams,139.2,2,128.4,149.9,15.5,,,,830.0,7.0,16.0,109.0,1.0,,2026-04-05,4/2/2026
115,Khalil,Shakir,WR,Buffalo Bills,137.6,2,132.0,143.2,8.1,,,,13.0,,75.0,804.0,4.0,,2026-04-05,4/2/2026
116,Wan'Dale,Robinson,WR,Tennessee Titans,137.0,2,132.6,141.4,6.4,,,,22.0,,80.0,872.0,2.0,,2026-04-05,4/2/2026
117,Xavier,Worthy,WR,Kansas City Chiefs,137.0,2,126.4,147.6,15.5,,,,73.0,1.0,55.0,768.0,5.0,,2026-04-05,4/2/2026
118,Kenneth,Gainwell,RB,Tampa Bay Buccaneers,136.8,2,118.2,155.3,27.1,,,,494.0,5.0,55.0,364.0,2.0,,2026-04-05,4/2/2026
119,Quentin,Johnston,WR,Los Angeles Chargers,136.7,2,134.9,138.4,2.6,,,,,,55.0,749.0,6.0,,2026-04-05,4/2/2026
120,Dallas,Goedert,TE,Philadelphia Eagles,135.9,2,125.1,146.7,15.9,,,,,,74.0,737.0,6.0,,2026-04-05,4/2/2026
121,Travis,Kelce,TE,Kansas City Chiefs,134.2,2,127.1,141.3,10.6,,,,,,73.0,748.0,5.0,,2026-04-05,4/2/2026
122,Jayden,Reed,WR,Green Bay Packers,133.4,2,140.4,126.5,10.4,,,,65.0,,58.0,670.0,4.0,,2026-04-05,4/2/2026
123,Mark,Andrews,TE,Baltimore Ravens,133.1,2,127.8,138.3,7.9,,,,36.0,1.0,56.0,587.0,7.0,,2026-04-05,4/2/2026
124,Jalen,Coker,WR,Carolina Panthers,132.6,2,133.9,131.2,2.0,,,,,,66.0,742.0,4.0,,2026-04-05,4/2/2026
125,Tucker,Kraft,TE,Green Bay Packers,131.2,2,134.8,127.6,5.5,,,,9.0,,62.0,717.0,4.0,,2026-04-05,4/2/2026
126,Michael,Penix,QB,Atlanta Falcons,130.2,2,132.6,127.7,3.8,1970.0,10.0,5.0,79.0,1.0,,,,,2026-04-05,4/2/2026
127,Josh,Downs,WR,Indianapolis Colts,128.1,2,132.1,124.0,6.3,,,,11.0,,73.0,684.0,3.0,,2026-04-05,4/2/2026
128,Jerry,Jeudy,WR,Cleveland Browns,128.1,2,118.5,137.7,15.0,,,,,,63.0,882.0,3.0,,2026-04-05,4/2/2026
129,Rachaad,White,RB,Washington Commanders,126.3,2,81.0,171.6,71.7,,,,695.0,7.0,42.0,271.0,2.0,,2026-04-05,4/2/2026
130,Jayden,Higgins,WR,Houston Texans,125.1,2,135.2,115.1,16.1,,,,,,54.0,701.0,3.0,,2026-04-05,4/2/2026
131,James,Conner,RB,Arizona Cardinals,124.5,2,83.3,165.7,66.2,,,,712.0,5.0,43.0,310.0,2.0,,2026-04-05,4/2/2026
132,Jake,Ferguson,TE,Dallas Cowboys,123.5,2,126.8,120.2,5.3,,,,,,68.0,562.0,5.0,,2026-04-05,4/2/2026
133,Oronde,Gadsden,TE,Los Angeles Chargers,123.2,2,127.3,119.0,6.7,,,,,,59.0,595.0,5.0,,2026-04-05,4/2/2026
134,Tua,Tagovailoa,QB,Atlanta Falcons,122.3,2,109.9,134.7,20.3,2355.0,11.0,8.0,45.0,,,,,,2026-04-05,4/2/2026
135,Dalton,Kincaid,TE,Buffalo Bills,121.8,2,125.6,118.0,6.2,,,,,,57.0,655.0,4.0,,2026-04-05,4/2/2026
136,Hunter,Henry,TE,New England Patriots,121.6,2,119.9,123.2,2.7,,,,,,57.0,647.0,5.0,,2026-04-05,4/2/2026
137,Calvin,Ridley,WR,Tennessee Titans,121.4,2,81.9,160.9,65.1,,,,32.0,,59.0,982.0,5.0,,2026-04-05,4/2/2026
138,Isaiah,Likely,TE,New York Giants,121.2,2,121.7,120.6,0.9,,,,,,63.0,651.0,4.0,,2026-04-05,4/2/2026
139,Tyler,Allgeier,RB,Arizona Cardinals,121.1,2,137.8,104.3,27.7,,,,519.0,5.0,18.0,134.0,,,2026-04-05,4/2/2026
140,Juwan,Johnson,TE,New Orleans Saints,121.0,2,116.0,126.1,8.3,,,,,,69.0,736.0,3.0,,2026-04-05,4/2/2026
141,George,Kittle,TE,San Francisco 49ers,118.5,2,123.4,113.5,8.4,,,,,,54.0,625.0,4.0,,2026-04-05,4/2/2026
142,Brenton,Strange,TE,Jacksonville Jaguars,118.2,2,124.8,111.5,11.3,,,,,,57.0,590.0,4.0,,2026-04-05,4/2/2026
143,Jordan,Mason,RB,Minnesota Vikings,118.0,2,107.0,129.0,18.6,,,,786.0,6.0,13.0,79.0,,,2026-04-05,4/2/2026
144,Matthew,Golden,WR,Green Bay Packers,117.8,2,116.1,119.6,3.0,,,,25.0,,52.0,671.0,4.0,,2026-04-05,4/2/2026
145,Rashid,Shaheed,WR,Seattle Seahawks,117.5,2,113.2,121.8,7.3,,,,89.0,1.0,41.0,624.0,4.0,,2026-04-05,4/2/2026
146,Zach,Charbonnet,RB,Seattle Seahawks,115.7,2,87.9,143.4,48.0,,,,719.0,8.0,19.0,140.0,,,2026-04-05,4/2/2026
147,T.J.,Hockenson,TE,Minnesota Vikings,113.8,2,106.2,121.5,13.4,,,,,,79.0,640.0,3.0,,2026-04-05,4/2/2026
148,Tyjae,Spears,RB,Tennessee Titans,112.6,2,88.8,136.3,42.2,,,,456.0,3.0,50.0,357.0,2.0,,2026-04-05,4/2/2026
149,Jacory,Croskey-Merritt,RB,Washington Commanders,109.8,2,94.4,125.3,28.1,,,,678.0,6.0,13.0,90.0,1.0,,2026-04-05,4/2/2026
150,Pat,Freiermuth,TE,Pittsburgh Steelers,109.8,2,102.9,116.6,12.5,,,,,,65.0,661.0,3.0,,2026-04-05,4/2/2026
151,Dalton,Schultz,TE,Houston Texans,109.7,2,113.8,105.6,7.5,,,,,,59.0,581.0,3.0,,2026-04-05,4/2/2026
152,Jalen,McMillan,WR,Tampa Bay Buccaneers,108.7,2,98.4,118.9,18.9,,,,25.0,,49.0,619.0,5.0,,2026-04-05,4/2/2026
153,Mason,Taylor,TE,New York Jets,107.8,2,105.4,110.3,4.5,,,,,,68.0,583.0,3.0,,2026-04-05,4/2/2026
154,George,Holani,RB,Seattle Seahawks,106.5,2,52.9,160.1,100.7,,,,793.0,7.0,25.0,203.0,1.0,,2026-04-05,4/2/2026
155,Brandon,Aiyuk,WR,San Francisco 49ers,106.3,1,106.3,,0,,,,,,,,,,2026-04-05,4/2/2026
156,Jalen,Nailor,WR,Las Vegas Raiders,105.2,2,104.1,106.4,2.2,,,,11.0,,47.0,638.0,3.0,,2026-04-05,4/2/2026
157,Tre,Tucker,WR,Las Vegas Raiders,103.5,2,82.3,124.7,41.0,,,,56.0,,55.0,736.0,3.0,,2026-04-05,4/2/2026
158,Devaughn,Vele,WR,New Orleans Saints,102.5,2,84.3,120.8,35.6,,,,,,58.0,678.0,4.0,,2026-04-05,4/2/2026
159,AJ,Barner,TE,Seattle Seahawks,101.3,2,113.4,89.3,23.8,,,,19.0,,43.0,419.0,4.0,,2026-04-05,4/2/2026
160,Kayshon,Boutte,WR,New England Patriots,99.5,2,95.6,103.4,7.8,,,,,,42.0,584.0,4.0,,2026-04-05,4/2/2026
161,Adonai,Mitchell,WR,New York Jets,97.0,2,73.3,120.7,48.9,,,,11.0,,48.0,716.0,4.0,,2026-04-05,4/2/2026
162,Woody,Marks,RB,Houston Texans,96.3,2,76.3,116.3,41.5,,,,593.0,3.0,24.0,210.0,1.0,,2026-04-05,4/2/2026
163,Chimere,Dike,WR,Tennessee Titans,95.9,2,97.0,94.8,2.3,,,,49.0,1.0,40.0,459.0,3.0,,2026-04-05,4/2/2026
164,Chigoziem,Okonkwo,TE,Washington Commanders,95.0,1,,95.0,0,,,,,,53.0,565.0,2.0,,2026-04-05,4/2/2026
165,KC,Concepcion,WR,,94.0,1,94.0,,0,,,,,,,,,,2026-04-05,4/2/2026
166,Tre',Harris,WR,Los Angeles Chargers,93.9,1,93.9,,0,,,,,,,,,,2026-04-05,4/2/2026
167,Malik,Washington,WR,Miami Dolphins,93.5,2,82.2,104.8,24.2,,,,70.0,,55.0,583.0,2.0,,2026-04-05,4/2/2026
168,Tank,Dell,WR,Houston Texans,92.8,2,80.8,104.9,26.0,,,,68.0,,44.0,581.0,3.0,,2026-04-05,4/2/2026
169,Chris,Rodriguez,RB,Jacksonville Jaguars,92.3,2,110.1,74.6,38.4,,,,457.0,4.0,4.0,29.0,,,2026-04-05,4/2/2026
170,Isiah,Pacheco,RB,Detroit Lions,90.4,2,54.8,126.0,78.8,,,,709.0,5.0,16.0,111.0,1.0,,2026-04-05,4/2/2026
171,Cade,Otton,TE,Tampa Bay Buccaneers,90.4,2,92.6,88.2,4.9,,,,,,47.0,467.0,3.0,,2026-04-05,4/2/2026
172,Gunnar,Helm,TE,Tennessee Titans,89.9,2,79.6,100.3,23.0,,,,,,59.0,528.0,3.0,,2026-04-05,4/2/2026
173,Tre,Harris,WR,Los Angeles Chargers,89.1,1,,89.1,0,,,,,,44.0,491.0,3.0,,2026-04-05,4/2/2026
174,Deshaun,Watson,QB,Cleveland Browns,88.7,2,36.5,140.8,117.7,2120.0,9.0,7.0,210.0,1.0,,,,,2026-04-05,4/2/2026
175,Darnell,Mooney,WR,New York Giants,88.3,2,85.7,90.9,5.9,,,,12.0,,37.0,532.0,3.0,,2026-04-05,4/2/2026
176,Rashod,Bateman,WR,Baltimore Ravens,88.0,2,70.1,106.0,40.8,,,,,,39.0,625.0,4.0,,2026-04-05,4/2/2026
177,Chig,Okonkwo,TE,Washington Commanders,85.7,1,85.7,,0,,,,,,,,,,2026-04-05,4/2/2026
178,Mike,Gesicki,TE,Cincinnati Bengals,85.3,2,76.1,94.5,21.6,,,,,,44.0,425.0,5.0,,2026-04-05,4/2/2026
179,Christian,Kirk,WR,San Francisco 49ers,85.0,2,78.8,91.2,14.6,,,,,,37.0,547.0,3.0,,2026-04-05,4/2/2026
180,Terrance,Ferguson,TE,Los Angeles Rams,84.8,2,87.1,82.4,5.5,,,,,,34.0,414.0,4.0,,2026-04-05,4/2/2026
181,Ryan,Flournoy,WR,Dallas Cowboys,84.3,2,94.0,74.6,23.0,,,,13.0,,34.0,383.0,3.0,,2026-04-05,4/2/2026
182,Tyrone,Tracy,RB,New York Giants,82.8,2,92.4,73.3,23.1,,,,421.0,1.0,16.0,112.0,1.0,,2026-04-05,4/2/2026
183,Mack,Hollins,WR,New England Patriots,81.9,2,80.5,83.3,3.4,,,,,,38.0,463.0,3.0,,2026-04-05,4/2/2026
184,Evan,Engram,TE,Denver Broncos,81.8,2,84.8,78.8,7.3,,,,,,47.0,433.0,2.0,,2026-04-05,4/2/2026
185,Alvin,Kamara,RB,New Orleans Saints,79.5,2,42.9,116.1,92.1,,,,548.0,2.0,36.0,253.0,1.0,,2026-04-05,4/2/2026
186,Dylan,Sampson,RB,Cleveland Browns,77.3,2,79.2,75.4,4.9,,,,261.0,1.0,31.0,218.0,1.0,,2026-04-05,4/2/2026
187,Sean,Tucker,RB,Tampa Bay Buccaneers,76.0,2,125.0,26.9,129.2,,,,149.0,2.0,,,,,2026-04-05,4/2/2026
188,Elic,Ayomanor,WR,Tennessee Titans,75.2,2,80.8,69.6,14.9,,,,,,30.0,426.0,2.0,,2026-04-05,4/2/2026
189,Olamide,Zaccheaus,WR,Atlanta Falcons,74.0,2,66.0,82.1,21.7,,,,,,43.0,486.0,2.0,,2026-04-05,4/2/2026
190,Brian,Robinson,RB,Atlanta Falcons,73.2,2,56.4,90.0,45.9,,,,551.0,4.0,9.0,64.0,,,2026-04-05,4/2/2026
191,DeMario,Douglas,WR,New England Patriots,72.6,2,75.4,69.7,7.9,,,,22.0,,32.0,395.0,2.0,,2026-04-05,4/2/2026
192,Andrei,Iosivas,WR,Cincinnati Bengals,72.3,2,75.3,69.3,8.3,,,,11.0,,30.0,352.0,3.0,,2026-04-05,4/2/2026
193,Cooper,Kupp,WR,Seattle Seahawks,72.1,2,70.4,73.8,4.7,,,,,,32.0,398.0,3.0,,2026-04-05,4/2/2026
194,Shedeur,Sanders,QB,Cleveland Browns,71.2,2,36.6,105.7,97.1,1643.0,7.0,6.0,120.0,1.0,,,,,2026-04-05,4/2/2026
195,Isaac,TeSlaa,WR,Detroit Lions,70.8,2,88.9,52.6,51.3,,,,,,19.0,251.0,3.0,,2026-04-05,4/2/2026
196,Justice,Hill,RB,Baltimore Ravens,70.2,2,45.0,95.5,71.9,,,,253.0,1.0,38.0,332.0,2.0,,2026-04-05,4/2/2026
197,Tory,Horton,WR,Seattle Seahawks,69.8,2,88.8,50.9,54.3,,,,,,20.0,289.0,2.0,,2026-04-05,4/2/2026
198,Emanuel,Wilson,RB,Seattle Seahawks,69.7,2,78.5,60.9,25.3,,,,250.0,2.0,14.0,109.0,1.0,,2026-04-05,4/2/2026
199,Travis,Hunter,WR,Jacksonville Jaguars,69.5,2,80.5,58.4,31.8,,,,11.0,,27.0,318.0,2.0,,2026-04-05,4/2/2026
200,Kimani,Vidal,RB,Los Angeles Chargers,68.7,2,53.3,84.0,44.7,,,,410.0,3.0,15.0,115.0,1.0,,2026-04-05,4/2/2026
201,Theo,Johnson,TE,New York Giants,68.2,2,86.3,50.2,52.9,,,,,,25.0,257.0,2.0,,2026-04-05,4/2/2026
202,Braelon,Allen,RB,New York Jets,66.5,2,51.0,82.0,46.6,,,,375.0,3.0,17.0,120.0,1.0,,2026-04-05,4/2/2026
203,Darius,Slayton,WR,New York Giants,65.9,2,73.0,58.8,21.5,,,,12.0,,25.0,331.0,2.0,,2026-04-05,4/2/2026
204,Jonathon,Brooks,RB,Carolina Panthers,65.4,2,24.3,106.4,125.6,,,,530.0,3.0,24.0,174.0,1.0,,2026-04-05,4/2/2026
205,Pat,Bryant,WR,Denver Broncos,64.8,2,78.9,50.6,43.7,,,,,,25.0,261.0,2.0,,2026-04-05,4/2/2026
206,Greg,Dulcich,TE,Miami Dolphins,62.3,2,29.8,94.8,104.3,,,,,,52.0,568.0,2.0,,2026-04-05,4/2/2026
207,Samaje,Perine,RB,Cincinnati Bengals,62.1,2,29.2,95.1,106.0,,,,424.0,3.0,23.0,172.0,1.0,,2026-04-05,4/2/2026
208,Colby,Parkinson,TE,Los Angeles Rams,61.4,2,69.9,52.8,27.9,,,,,,23.0,233.0,3.0,,2026-04-05,4/2/2026
209,Isaiah,Bond,WR,Cleveland Browns,61.4,2,29.4,93.4,104.2,,,,23.0,,39.0,536.0,3.0,,2026-04-05,4/2/2026
210,Jahan,Dotson,WR,Atlanta Falcons,60.9,2,56.6,65.2,14.1,,,,,,29.0,387.0,2.0,,2026-04-05,4/2/2026
211,CJ,Daniels,WR,,60.0,1,60.0,,0,,,,,,,,,,2026-04-05,4/2/2026
212,Hollywood,Brown,WR,Philadelphia Eagles,59.9,2,65.1,54.8,17.2,,,,,,25.0,303.0,2.0,,2026-04-05,4/2/2026
213,Ty,Johnson,RB,Buffalo Bills,59.9,2,49.2,70.5,35.6,,,,225.0,2.0,21.0,195.0,1.0,,2026-04-05,4/2/2026
214,Jack,Bech,WR,Las Vegas Raiders,58.9,2,61.6,56.2,9.2,,,,,,31.0,347.0,1.0,,2026-04-05,4/2/2026
215,KaVontae,Turpin,WR,Dallas Cowboys,58.8,2,63.0,54.6,14.3,,,,107.0,,18.0,229.0,2.0,,2026-04-05,4/2/2026
216,Dawson,Knox,TE,Buffalo Bills,58.6,2,62.4,54.9,12.8,,,,,,24.0,249.0,3.0,,2026-04-05,4/2/2026
217,Darnell,Washington,TE,Pittsburgh Steelers,58.5,2,58.2,58.8,1.0,,,,,,31.0,313.0,2.0,,2026-04-05,4/2/2026
218,Tank,Bigsby,RB,Philadelphia Eagles,57.0,2,55.2,58.8,6.3,,,,360.0,3.0,4.0,28.0,,,2026-04-05,4/2/2026
219,Michael,Mayer,TE,Las Vegas Raiders,56.5,2,53.0,60.0,12.4,,,,,,37.0,355.0,1.0,,2026-04-05,4/2/2026
220,Troy,Franklin,WR,Denver Broncos,56.2,2,70.6,41.9,51.0,,,,11.0,,17.0,203.0,2.0,,2026-04-05,4/2/2026
221,Mason,Tipton,WR,New Orleans Saints,55.9,1,,55.9,0,,,,24.0,,27.0,340.0,1.0,,2026-04-05,4/2/2026
222,Jalen,Tolbert,WR,Miami Dolphins,55.6,2,27.7,83.5,100.4,,,,,,41.0,510.0,2.0,,2026-04-05,4/2/2026
223,Jaylin,Lane,WR,Washington Commanders,55.5,2,53.0,58.0,9.0,,,,,,26.0,330.0,2.0,,2026-04-05,4/2/2026
224,Jordan,James,RB,San Francisco 49ers,54.8,2,21.9,87.7,120.1,,,,478.0,3.0,12.0,99.0,1.0,,2026-04-05,4/2/2026
225,Theo,Wease,WR,Miami Dolphins,54.5,2,55.1,53.8,2.4,,,,,,28.0,338.0,1.0,,2026-04-05,4/2/2026
226,Tutu,Atwell,WR,Miami Dolphins,54.0,2,28.2,79.8,95.6,,,,10.0,,37.0,543.0,1.0,,2026-04-05,4/2/2026
227,Xavier,Legette,WR,Carolina Panthers,54.0,2,32.1,76.0,81.2,,,,11.0,,34.0,399.0,3.0,,2026-04-05,4/2/2026
228,Elijah,Arroyo,TE,Seattle Seahawks,53.4,2,57.7,49.1,16.1,,,,,,23.0,256.0,2.0,,2026-04-05,4/2/2026
229,Jaylin,Noel,WR,Houston Texans,52.8,2,67.4,38.2,55.3,,,,23.0,,18.0,209.0,1.0,,2026-04-05,4/2/2026
230,Kyle,Williams,WR,New England Patriots,51.8,1,51.8,,0,,,,,,,,,,2026-04-05,4/2/2026
231,Jake,Tonges,TE,San Francisco 49ers,51.2,2,50.0,52.4,4.7,,,,,,26.0,274.0,2.0,,2026-04-05,4/2/2026
232,Cole,Kmet,TE,Chicago Bears,51.0,2,54.1,48.0,11.9,,,,,,25.0,235.0,2.0,,2026-04-05,4/2/2026
233,Cedric,Tillman,WR,Cleveland Browns,50.2,2,7.2,93.2,171.3,,,,,,44.0,532.0,3.0,,2026-04-05,4/2/2026
234,Kyle,T. Williams,WR,New England Patriots,50.1,1,,50.1,0,,,,23.0,,18.0,268.0,2.0,,2026-04-05,4/2/2026
235,Marvin,Mims Jr.,WR,Denver Broncos,50.0,2,58.4,41.7,33.4,,,,45.0,,20.0,212.0,1.0,,2026-04-05,4/2/2026
236,Dontayvion,Wicks,WR,Green Bay Packers,49.4,2,55.2,43.5,23.7,,,,,,18.0,225.0,2.0,,2026-04-05,4/2/2026
237,Nick,Westbrook-Ikhine,WR,Indianapolis Colts,49.0,2,22.2,75.8,109.4,,,,,,33.0,413.0,3.0,,2026-04-05,4/2/2026
238,Trey,Benson,RB,Arizona Cardinals,48.2,2,32.4,64.0,65.6,,,,207.0,1.0,26.0,183.0,1.0,,2026-04-05,4/2/2026
239,Van,Jefferson,WR,Washington Commanders,47.8,2,27.2,68.3,86.1,,,,,,31.0,408.0,2.0,,2026-04-05,4/2/2026
240,Devontez,Walker,WR,Baltimore Ravens,47.5,2,11.6,83.4,151.2,,,,,,33.0,489.0,3.0,,2026-04-05,4/2/2026
241,Noah,Gray,TE,Kansas City Chiefs,45.8,2,47.1,44.4,5.9,,,,,,26.0,254.0,1.0,,2026-04-05,4/2/2026
242,Keon,Coleman,WR,Buffalo Bills,45.1,2,31.8,58.5,59.1,,,,,,22.0,295.0,3.0,,2026-04-05,4/2/2026
243,Tai,Felton,WR,Minnesota Vikings,45.1,2,29.0,61.3,71.5,,,,,,32.0,333.0,2.0,,2026-04-05,4/2/2026
244,Jaydon,Blue,RB,Dallas Cowboys,43.7,2,41.4,46.0,10.5,,,,233.0,2.0,9.0,62.0,,,2026-04-05,4/2/2026
245,Isaiah,Williams,WR,New York Jets,43.5,2,32.6,54.3,49.9,,,,25.0,,31.0,303.0,1.0,,2026-04-05,4/2/2026
246,Ja'Tavion,Sanders,TE,Carolina Panthers,43.4,2,29.3,57.5,65.0,,,,,,34.0,285.0,2.0,,2026-04-05,4/2/2026
247,Kirk,Cousins,QB,Las Vegas Raiders,43.2,1,43.2,,0,,,,,,,,,,2026-04-05,4/2/2026
248,Tyquan,Thornton,WR,Kansas City Chiefs,42.6,2,26.3,58.9,76.5,,,,,,21.0,304.0,3.0,,2026-04-05,4/2/2026
249,Keaton,Mitchell,RB,Los Angeles Chargers,42.2,2,75.8,8.7,158.8,,,,39.0,,4.0,28.0,,,2026-04-05,4/2/2026
250,LeQuint,Allen,RB,Jacksonville Jaguars,41.8,2,43.8,39.9,9.3,,,,36.0,,25.0,178.0,1.0,,2026-04-05,4/2/2026
251,Dyami,Brown,WR,Washington Commanders,41.7,2,3.9,79.4,181.3,,,,,,33.0,449.0,3.0,,2026-04-05,4/2/2026
252,Treylon,Burks,WR,Washington Commanders,41.5,2,28.8,54.1,61.0,,,,,,22.0,311.0,2.0,,2026-04-05,4/2/2026
253,Roman,Wilson,WR,Pittsburgh Steelers,40.2,2,22.3,58.2,89.2,,,,,,27.0,327.0,2.0,,2026-04-05,4/2/2026
254,Tahj,Washington,WR,Miami Dolphins,40.0,1,,40.0,0,,,,,,20.0,240.0,1.0,,2026-04-05,4/2/2026
255,Tez,Johnson,WR,Tampa Bay Buccaneers,39.5,2,54.1,24.9,73.9,,,,24.0,,10.0,115.0,1.0,,2026-04-05,4/2/2026
256,Noah,Fant,TE,New Orleans Saints,39.4,2,36.3,42.5,15.7,,,,,,26.0,235.0,1.0,,2026-04-05,4/2/2026
257,Brashard,Smith,RB,Kansas City Chiefs,39.1,2,31.4,46.8,39.4,,,,201.0,1.0,12.0,87.0,1.0,,2026-04-05,4/2/2026
258,Jaylen,Wright,RB,Miami Dolphins,38.2,2,41.1,35.4,14.9,,,,196.0,1.0,8.0,58.0,,,2026-04-05,4/2/2026
259,Tommy,Tremble,TE,Carolina Panthers,36.8,2,25.3,48.2,62.3,,,,,,25.0,237.0,2.0,,2026-04-05,4/2/2026
260,Charlie,Kolar,TE,Los Angeles Chargers,36.6,2,46.9,26.4,55.9,,,,,,14.0,134.0,1.0,,2026-04-05,4/2/2026
261,Chris,Brooks,RB,Green Bay Packers,36.5,2,32.6,40.3,21.1,,,,99.0,1.0,15.0,109.0,1.0,,2026-04-05,4/2/2026
262,Anthony,Richardson,QB,Indianapolis Colts,36.5,1,36.5,,0,,,,,,,,,,2026-04-05,4/2/2026
263,Calvin,Austin III,WR,New York Giants,36.0,2,45.7,26.4,53.5,,,,,,12.0,144.0,1.0,,2026-04-05,4/2/2026
264,Kalif,Raymond,WR,Chicago Bears,34.6,2,23.2,46.0,65.9,,,,27.0,,26.0,243.0,1.0,,2026-04-05,4/2/2026
265,Elijah,Higgins,TE,Arizona Cardinals,34.3,2,32.9,35.8,8.4,,,,,,21.0,193.0,1.0,,2026-04-05,4/2/2026
266,Tyler,Higbee,TE,Los Angeles Rams,34.1,2,29.2,39.1,29.0,,,,,,18.0,181.0,2.0,,2026-04-05,4/2/2026
267,Isaiah,Davis,RB,New York Jets,34.0,2,36.2,31.7,13.3,,,,97.0,1.0,13.0,95.0,,,2026-04-05,4/2/2026
268,Xavier,Hutchinson,WR,Houston Texans,33.3,2,31.6,35.0,10.2,,,,13.0,,15.0,202.0,1.0,,2026-04-05,4/2/2026
269,J.J.,McCarthy,QB,Minnesota Vikings,33.1,1,33.1,,0,,,,,,,,,,2026-04-05,4/2/2026
270,Jerome,Ford,RB,Washington Commanders,33.0,2,33.2,32.7,1.5,,,,125.0,1.0,13.0,77.0,,,2026-04-05,4/2/2026
271,Josh,Oliver,TE,Minnesota Vikings,33.0,2,26.1,39.9,41.8,,,,,,20.0,179.0,2.0,,2026-04-05,4/2/2026
272,Cade,Stover,TE,Houston Texans,32.7,2,31.1,34.2,9.5,,,,10.0,,19.0,177.0,1.0,,2026-04-05,4/2/2026
273,Ben,Sims,TE,Miami Dolphins,32.7,1,,32.7,0,,,,,,19.0,172.0,1.0,,2026-04-05,4/2/2026
274,Joshua,Palmer,WR,Buffalo Bills,32.3,2,26.6,38.0,35.3,,,,,,19.0,225.0,1.0,,2026-04-05,4/2/2026
275,MarShawn,Lloyd,RB,Green Bay Packers,32.1,2,3.1,61.2,180.7,,,,289.0,2.0,12.0,83.0,1.0,,2026-04-05,4/2/2026
276,Darius,Cooper,WR,Philadelphia Eagles,31.5,2,46.6,16.3,96.3,,,,,,6.0,73.0,1.0,,2026-04-05,4/2/2026
277,Kendrick,Bourne,WR,Arizona Cardinals,31.1,2,25.6,36.6,35.4,,,,,,19.0,211.0,1.0,,2026-04-05,4/2/2026
278,Austin,Hooper,TE,Atlanta Falcons,31.1,2,26.2,36.0,31.5,,,,,,21.0,195.0,1.0,,2026-04-05,4/2/2026
279,KeAndre,Lambert-Smith,WR,Los Angeles Chargers,30.8,2,29.0,32.6,11.7,,,,,,16.0,186.0,1.0,,2026-04-05,4/2/2026
280,DJ,Giddens,RB,Indianapolis Colts,30.6,2,21.2,40.1,61.7,,,,198.0,1.0,12.0,83.0,,,2026-04-05,4/2/2026
281,Devin,Neal,RB,New Orleans Saints,30.4,2,30.4,0.0,0,,,,,,,,,,2026-04-05,4/2/2026
282,John,Metchie III,WR,Carolina Panthers,30.0,1,30.0,,0,,,,,,,,,,2026-04-05,4/2/2026
283,Erick,All,TE,Cincinnati Bengals,29.7,1,,29.7,0,,,,,,17.0,152.0,1.0,,2026-04-05,4/2/2026
284,Luke,Musgrave,TE,Green Bay Packers,29.5,2,32.1,26.9,17.6,,,,,,15.0,134.0,1.0,,2026-04-05,4/2/2026
285,Daniel,Bellinger,TE,Tennessee Titans,29.4,2,28.4,30.4,6.8,,,,,,17.0,159.0,1.0,,2026-04-05,4/2/2026
286,Malachi,Corley,WR,Cleveland Browns,29.4,2,10.0,48.9,132.1,,,,56.0,,24.0,253.0,1.0,,2026-04-05,4/2/2026
287,Dont'e,Thornton,WR,Las Vegas Raiders,29.2,2,24.4,34.1,33.2,,,,,,15.0,206.0,1.0,,2026-04-05,4/2/2026
288,Derek,Carr,QB,,29.2,1,29.2,,0,,,,,,,,,,2026-04-05,4/2/2026
289,Kevin,Austin,WR,New Orleans Saints,29.1,2,28.9,29.3,1.4,,,,,,13.0,168.0,1.0,,2026-04-05,4/2/2026
290,Mac,Jones,QB,San Francisco 49ers,28.7,1,28.7,,0,,,,,,,,,,2026-04-05,4/2/2026
291,Emari,Demercado,RB,Kansas City Chiefs,28.1,2,12.0,44.2,114.6,,,,245.0,1.0,12.0,77.0,,,2026-04-05,4/2/2026
292,Konata,Mumpfield,WR,Los Angeles Rams,28.0,2,33.7,22.3,40.7,,,,,,9.0,118.0,1.0,,2026-04-05,4/2/2026
293,Ray,Davis,RB,Buffalo Bills,27.8,2,26.2,29.3,11.2,,,,142.0,1.0,7.0,56.0,,,2026-04-05,4/2/2026
294,Jalen,Royals,WR,Kansas City Chiefs,27.4,2,26.4,28.4,7.3,,,,,,14.0,154.0,1.0,,2026-04-05,4/2/2026
295,Terrace,Marshall Jr.,WR,Miami Dolphins,27.4,1,,27.4,0,,,,,,16.0,194.0,,,2026-04-05,4/2/2026
296,Luke,McCaffrey,WR,Washington Commanders,27.3,2,7.3,47.4,146.6,,,,,,21.0,249.0,2.0,,2026-04-05,4/2/2026
297,Drew,Sample,TE,Cincinnati Bengals,27.0,2,25.1,28.8,13.7,,,,,,17.0,143.0,1.0,,2026-04-05,4/2/2026
298,Rasheen,Ali,RB,Baltimore Ravens,26.8,2,32.7,20.9,44.0,,,,107.0,1.0,3.0,27.0,,,2026-04-05,4/2/2026
299,Jeremy,Ruckert,TE,New York Jets,26.5,2,25.7,27.3,6.0,,,,,,17.0,128.0,1.0,,2026-04-05,4/2/2026
300,Luke,Schoonmaker,TE,Dallas Cowboys,26.5,2,24.9,28.2,12.4,,,,,,15.0,147.0,1.0,,2026-04-05,4/2/2026
301,John,Bates,TE,Washington Commanders,26.2,2,25.3,27.2,7.2,,,,,,15.0,137.0,1.0,,2026-04-05,4/2/2026
302,Mitchell,Evans,TE,Carolina Panthers,25.9,2,25.4,26.5,4.2,,,,,,14.0,135.0,1.0,,2026-04-05,4/2/2026
303,Malik,Davis,RB,Dallas Cowboys,25.2,2,27.4,23.0,17.5,,,,120.0,1.0,4.0,30.0,,,2026-04-05,4/2/2026
304,Efton,Chism,WR,New England Patriots,25.2,2,25.2,0.0,0,,,,,,,,,,2026-04-05,4/2/2026
305,Jordan,Whittington,WR,Los Angeles Rams,24.8,2,19.3,30.3,44.4,,,,13.0,,14.0,160.0,1.0,,2026-04-05,4/2/2026
306,Ollie,Gordon,RB,Miami Dolphins,24.7,2,21.7,27.7,24.3,,,,168.0,1.0,4.0,29.0,,,2026-04-05,4/2/2026
307,Kyle,Juszczyk,RB,San Francisco 49ers,24.6,2,14.4,34.8,82.9,,,,19.0,,20.0,169.0,1.0,,2026-04-05,4/2/2026
308,LaJohntay,Wester,WR,Baltimore Ravens,24.3,2,4.6,44.0,162.1,,,,,,17.0,235.0,2.0,,2026-04-05,4/2/2026
309,Will,Shipley,RB,Philadelphia Eagles,24.2,2,28.8,19.7,37.5,,,,61.0,,11.0,81.0,,,2026-04-05,4/2/2026
310,Grant,Calcaterra,TE,Philadelphia Eagles,24.0,1,24.0,,0,,,,,,,,,,2026-04-05,4/2/2026
311,Justin,Fields,QB,Kansas City Chiefs,23.9,2,36.7,11.1,107.1,140.0,1.0,,15.0,,,,,,2026-04-05,4/2/2026
312,Ben,Sinnott,TE,Washington Commanders,23.9,2,24.9,22.8,8.8,,,,,,12.0,108.0,1.0,,2026-04-05,4/2/2026
313,Jackson,Hawes,TE,Buffalo Bills,23.6,2,25.4,21.8,15.3,,,,,,11.0,103.0,1.0,,2026-04-05,4/2/2026
314,Demarcus,Robinson,WR,San Francisco 49ers,23.5,2,26.0,21.0,21.3,,,,,,8.0,110.0,1.0,,2026-04-05,4/2/2026
315,Tyler,Badie,RB,Denver Broncos,23.5,2,18.9,28.1,39.1,,,,18.0,,16.0,123.0,1.0,,2026-04-05,4/2/2026
316,Kaleb,Johnson,RB,Pittsburgh Steelers,22.9,2,41.2,4.5,160.6,,,,45.0,,,,,,2026-04-05,4/2/2026
317,Adam,Trautman,TE,Denver Broncos,22.5,2,22.3,22.6,1.3,,,,,,12.0,106.0,1.0,,2026-04-05,4/2/2026
318,Xavier,Smith,WR,Los Angeles Rams,22.1,2,20.6,23.6,13.6,,,,,,10.0,126.0,1.0,,2026-04-05,4/2/2026
319,Trevor,Etienne,RB,Carolina Panthers,21.8,2,28.6,15.0,62.4,,,,54.0,,8.0,56.0,,,2026-04-05,4/2/2026
320,Savion,Williams,WR,Green Bay Packers,21.6,2,5.3,38.0,151.0,,,,47.0,,17.0,188.0,1.0,,2026-04-05,4/2/2026
321,Greg,Dortch,WR,Detroit Lions,21.5,2,22.7,20.3,11.2,,,,25.0,,8.0,78.0,1.0,,2026-04-05,4/2/2026
322,Tyrell,Shavers,WR,Buffalo Bills,21.2,2,24.2,18.2,28.3,,,,,,7.0,87.0,1.0,,2026-04-05,4/2/2026
323,Audric,Estime,RB,New Orleans Saints,21.1,1,21.1,,0,,,,,,,,,,2026-04-05,4/2/2026
324,Jahdae,Walker,WR,Chicago Bears,20.4,1,,20.4,0,,,,,,9.0,99.0,1.0,,2026-04-05,4/2/2026
325,Dameon,Pierce,RB,Philadelphia Eagles,20.3,1,20.3,,0,,,,,,,,,,2026-04-05,4/2/2026
326,Dylan,Laube,RB,Las Vegas Raiders,20.2,2,4.1,36.4,159.5,,,,207.0,1.0,8.0,57.0,,,2026-04-05,4/2/2026
327,Tahj,Brooks,RB,Cincinnati Bengals,20.0,2,22.9,17.1,29.0,,,,111.0,1.0,,,,,2026-04-05,4/2/2026
328,Lil'Jordan,Humphrey,WR,Denver Broncos,20.0,1,20.0,,0,,,,,,,,,,2026-04-05,4/2/2026
329,Ashton,Dulin,WR,Indianapolis Colts,19.4,2,2.5,36.4,174.3,,,,27.0,,16.0,197.0,1.0,,2026-04-05,4/2/2026
330,Brock,Wright,TE,Detroit Lions,19.2,2,21.8,16.6,27.1,,,,,,7.0,71.0,1.0,,2026-04-05,4/2/2026
331,Joe,Flacco,QB,Cincinnati Bengals,19.1,2,28.7,9.6,99.7,163.0,1.0,1.0,1.0,,,,,,2026-04-05,4/2/2026
332,Arian,Smith,WR,New York Jets,18.6,2,5.6,31.6,139.8,,,,23.0,,14.0,163.0,1.0,,2026-04-05,4/2/2026
333,Julian,Hill,TE,New England Patriots,18.4,2,4.1,32.7,155.4,,,,,,18.0,177.0,1.0,,2026-04-05,4/2/2026
334,Devin,Singletary,RB,New York Giants,17.4,2,9.8,24.9,87.0,,,,144.0,1.0,4.0,25.0,,,2026-04-05,4/2/2026
335,Tylan,Wallace,WR,Cleveland Browns,17.4,2,6.6,28.3,124.4,,,,,,14.0,153.0,1.0,,2026-04-05,4/2/2026
336,Mitchell,Tinsley,WR,Cincinnati Bengals,17.2,1,,17.2,0,,,,,,6.0,82.0,1.0,,2026-04-05,4/2/2026
337,A.T.,Perry,WR,Pittsburgh Steelers,17.2,1,,17.2,0,,,,,,7.0,77.0,1.0,,2026-04-05,4/2/2026
338,Ben,Skowronek,WR,Pittsburgh Steelers,16.8,2,0.6,33.0,192.9,,,,,,18.0,180.0,1.0,,2026-04-05,4/2/2026
339,Myles,Price,WR,Minnesota Vikings,16.6,1,,16.6,0,,,,,,7.0,71.0,1.0,,2026-04-05,4/2/2026
340,Mo,Alie-Cox,TE,Indianapolis Colts,16.5,2,11.4,21.6,61.8,,,,,,10.0,106.0,1.0,,2026-04-05,4/2/2026
341,Chris,Collier,RB,Las Vegas Raiders,16.4,1,,16.4,0,,,,104.0,1.0,,,,,2026-04-05,4/2/2026
342,Cole,Turner,TE,Miami Dolphins,16.4,1,,16.4,0,,,,,,11.0,109.0,,,2026-04-05,4/2/2026
343,Durham,Smythe,TE,Baltimore Ravens,15.7,2,2.4,29.0,169.4,,,,,,16.0,150.0,1.0,,2026-04-05,4/2/2026
344,Isaac,Guerendo,RB,San Francisco 49ers,15.2,2,24.5,5.9,122.4,,,,59.0,,,,,,2026-04-05,4/2/2026
345,Jimmy,Horn,WR,Carolina Panthers,15.2,2,22.9,7.6,100.3,,,,25.0,,3.0,36.0,,,2026-04-05,4/2/2026
346,Jawhar,Jordan,RB,Houston Texans,15.0,2,24.5,5.5,126.7,,,,55.0,,,,,,2026-04-05,4/2/2026
347,Davis,Allen,TE,Los Angeles Rams,15.0,2,8.2,21.9,91.0,,,,,,11.0,104.0,1.0,,2026-04-05,4/2/2026
348,Trey,Lance,QB,Los Angeles Chargers,14.6,1,14.6,,0,,,,,,,,,,2026-04-05,4/2/2026
349,Brevyn,Spann-Ford,TE,Dallas Cowboys,14.5,2,23.4,5.7,121.6,,,,,,4.0,37.0,,,2026-04-05,4/2/2026
350,Jalen,Milroe,QB,Seattle Seahawks,13.9,1,13.9,,0,,,,,,,,,,2026-04-05,4/2/2026
351,Foster,Moreau,TE,Houston Texans,13.2,2,8.2,18.3,76.2,,,,,,8.0,83.0,1.0,,2026-04-05,4/2/2026
352,Jameis,Winston,QB,New York Giants,12.9,1,12.9,,0,,,,,,,,,,2026-04-05,4/2/2026
353,Tyler,Huntley,QB,Baltimore Ravens,12.7,1,12.7,,0,,,,,,,,,,2026-04-05,4/2/2026
354,Will,Levis,QB,Tennessee Titans,12.7,1,12.7,,0,,,,,,,,,,2026-04-05,4/2/2026
355,Spencer,Rattler,QB,New Orleans Saints,12.7,1,12.7,,0,,,,,,,,,,2026-04-05,4/2/2026
356,Tyson,Bagent,QB,Chicago Bears,12.5,1,12.5,,0,,,,,,,,,,2026-04-05,4/2/2026
357,Carson,Wentz,QB,Minnesota Vikings,12.4,1,12.4,,0,,,,,,,,,,2026-04-05,4/2/2026
358,Tanner,McKee,QB,Philadelphia Eagles,12.4,1,12.4,,0,,,,,,,,,,2026-04-05,4/2/2026
359,Quinn,Ewers,QB,Miami Dolphins,12.4,1,12.4,,0,,,,,,,,,,2026-04-05,4/2/2026
360,Nate,Adkins,TE,Denver Broncos,12.3,2,8.3,16.4,65.6,,,,,,8.0,64.0,1.0,,2026-04-05,4/2/2026
361,Jarrett,Stidham,QB,Denver Broncos,12.2,1,12.2,,0,,,,,,,,,,2026-04-05,4/2/2026
362,Trey,Palmer,WR,New Orleans Saints,12.1,1,,12.1,0,,,,,,7.0,86.0,,,2026-04-05,4/2/2026
363,Gardner,Minshew II,QB,Arizona Cardinals,12.0,1,12.0,,0,,,,,,,,,,2026-04-05,4/2/2026
364,Davis,Mills,QB,Houston Texans,12.0,1,12.0,,0,,,,,,,,,,2026-04-05,4/2/2026
365,Kyle,Allen,QB,Buffalo Bills,12.0,1,12.0,,0,,,,,,,,,,2026-04-05,4/2/2026
366,Jaleel,McLaughlin,RB,Denver Broncos,11.9,1,11.9,,0,,,,,,,,,,2026-04-05,4/2/2026
367,Mitchell,Trubisky,QB,Tennessee Titans,11.9,1,11.9,,0,,,,,,,,,,2026-04-05,4/2/2026
368,Dillon,Gabriel,QB,Cleveland Browns,11.9,1,11.9,,0,,,,,,,,,,2026-04-05,4/2/2026
369,Marcus,Mariota,QB,Washington Commanders,11.8,2,13.1,10.6,21.1,165.0,1.0,1.0,10.0,,,,,,2026-04-05,4/2/2026
370,Will,Howard,QB,Pittsburgh Steelers,11.8,1,11.8,,0,,,,,,,,,,2026-04-05,4/2/2026
371,Joe,Milton,QB,Dallas Cowboys,11.8,2,12.4,11.1,11.1,162.0,1.0,,6.0,,,,,,2026-04-05,4/2/2026
372,Andy,Dalton,QB,Philadelphia Eagles,11.8,1,11.8,,0,,,,,,,,,,2026-04-05,4/2/2026
373,Quintin,Morris,TE,Jacksonville Jaguars,11.8,2,7.1,16.5,79.7,,,,,,7.0,70.0,1.0,,2026-04-05,4/2/2026
374,David,Moore,WR,Carolina Panthers,11.8,2,1.3,22.3,178.0,,,,12.0,,9.0,106.0,1.0,,2026-04-05,4/2/2026
375,Mason,Rudolph,QB,Pittsburgh Steelers,11.7,1,11.7,,0,,,,,,,,,,2026-04-05,4/2/2026
376,Teddy,Bridgewater,QB,Detroit Lions,11.6,1,11.6,,0,,,,,,,,,,2026-04-05,4/2/2026
377,Dylan,Drummond,WR,Atlanta Falcons,11.6,1,,11.6,0,,,,,,7.0,81.0,,,2026-04-05,4/2/2026
378,Hunter,Luepke,RB,Dallas Cowboys,11.5,2,6.5,16.5,87.0,,,,58.0,,9.0,62.0,,,2026-04-05,4/2/2026
379,Josh,Johnson,QB,Cincinnati Bengals,11.3,1,11.3,,0,,,,,,,,,,2026-04-05,4/2/2026
380,Nick,Mullens,QB,Jacksonville Jaguars,11.2,2,12.0,10.3,15.2,174.0,1.0,1.0,3.0,,,,,,2026-04-05,4/2/2026
381,Payne,Durham,TE,Tampa Bay Buccaneers,11.2,2,6.1,16.4,91.6,,,,,,7.0,69.0,1.0,,2026-04-05,4/2/2026
382,Tanner,Hudson,TE,Cincinnati Bengals,11.0,2,4.3,17.7,121.8,,,,,,9.0,72.0,1.0,,2026-04-05,4/2/2026
383,Jeremy,McNichols,RB,Washington Commanders,10.3,1,10.3,,0,,,,,,,,,,2026-04-05,4/2/2026
384,Alec,Ingold,RB,Los Angeles Chargers,10.2,1,,10.2,0,,,,9.0,,8.0,53.0,,,2026-04-05,4/2/2026
385,Jake,Browning,QB,Tampa Bay Buccaneers,9.9,1,,9.9,0,157.0,1.0,1.0,6.0,,,,,,2026-04-05,4/2/2026
386,Connor,Heyward,TE,Las Vegas Raiders,9.7,2,12.8,6.5,65.3,,,,17.0,,4.0,28.0,,,2026-04-05,4/2/2026
387,Ty,Chandler,RB,New Orleans Saints,9.0,1,9.0,,0,,,,,,,,,,2026-04-05,4/2/2026
388,Jarquez,Hunter,RB,Los Angeles Rams,8.6,1,8.6,,0,,,,,,,,,,2026-04-05,4/2/2026
389,Tip,Reiman,TE,Arizona Cardinals,8.6,2,11.4,5.7,66.7,,,,,,4.0,37.0,,,2026-04-05,4/2/2026
390,Lucas,Krull,TE,Denver Broncos,8.2,2,11.2,5.3,71.5,,,,,,4.0,33.0,,,2026-04-05,4/2/2026
391,Kendre,Miller,RB,New Orleans Saints,7.8,2,4.6,10.9,81.3,,,,56.0,,4.0,33.0,,,2026-04-05,4/2/2026
392,Bo,Melton,WR,Green Bay Packers,7.8,1,,7.8,0,,,,26.0,,3.0,37.0,,,2026-04-05,4/2/2026
393,Gunner,Olszewski,WR,New York Giants,7.6,2,7.6,0.0,0,,,,,,,,,,2026-04-05,4/2/2026
394,Luke,Farrell,TE,San Francisco 49ers,7.6,2,7.6,7.6,0.0,,,,,,5.0,51.0,,,2026-04-05,4/2/2026
395,Isaiah,Hodgins,WR,New York Giants,7.2,1,7.2,,0,,,,,,,,,,2026-04-05,4/2/2026
396,Blake,Whiteheart,TE,Cleveland Browns,6.8,2,3.4,10.1,99.3,,,,,,7.0,66.0,,,2026-04-05,4/2/2026
397,Anthony,Gould,WR,Indianapolis Colts,6.7,2,2.7,10.6,118.8,,,,,,7.0,71.0,,,2026-04-05,4/2/2026
398,Michael,Carter,RB,Tennessee Titans,6.6,1,6.6,,0,,,,,,,,,,2026-04-05,4/2/2026
399,Cody,White,WR,Seattle Seahawks,6.5,1,6.5,,0,,,,,,,,,,2026-04-05,4/2/2026
400,Adam,Prentice,RB,Denver Broncos,6.5,1,,6.5,0,,,,17.0,,4.0,28.0,,,2026-04-05,4/2/2026
401,Kameron,Johnson,WR,Tampa Bay Buccaneers,6.5,1,,6.5,0,,,,12.0,,3.0,38.0,,,2026-04-05,4/2/2026
402,Charlie,Woerner,TE,Atlanta Falcons,6.0,1,6.0,,0,,,,,,,,,,2026-04-05,4/2/2026
403,Justin,Watson,WR,Houston Texans,5.9,1,,5.9,0,,,,,,3.0,44.0,,,2026-04-05,4/2/2026
404,Xavier,Restrepo,WR,Tennessee Titans,5.8,1,5.8,,0,,,,,,,,,,2026-04-05,4/2/2026
405,Jelani,Woods,TE,New York Jets,5.7,1,,5.7,0,,,,,,4.0,37.0,,,2026-04-05,4/2/2026
406,Ronnie,Rivers,RB,Los Angeles Rams,5.6,1,5.6,,0,,,,,,,,,,2026-04-05,4/2/2026
407,Xavier,Weaver,WR,Arizona Cardinals,5.6,2,5.6,5.6,0.0,,,,,,3.0,41.0,,,2026-04-05,4/2/2026
408,Zavier,Scott,RB,Minnesota Vikings,5.6,2,4.7,6.5,32.1,,,,18.0,,4.0,27.0,,,2026-04-05,4/2/2026
409,Ja'Lynn,Polk,WR,New Orleans Saints,5.6,1,,5.6,0,,,,,,3.0,41.0,,,2026-04-05,4/2/2026
410,Mason,Kinsey,WR,Tennessee Titans,5.6,1,,5.6,0,,,,,,3.0,41.0,,,2026-04-05,4/2/2026
411,Jonathan,Mingo,WR,Dallas Cowboys,5.6,1,,5.6,0,,,,,,3.0,41.0,,,2026-04-05,4/2/2026
412,CJ,Dippre,TE,New England Patriots,5.6,1,,5.6,0,,,,,,4.0,36.0,,,2026-04-05,4/2/2026
413,Jack,Stoll,TE,Cleveland Browns,5.5,1,5.5,,0,,,,,,,,,,2026-04-05,4/2/2026
414,Brevin,Jordan,TE,Houston Texans,5.4,1,5.4,,0,,,,,,,,,,2026-04-05,4/2/2026
415,Devin,Culp,TE,Tampa Bay Buccaneers,5.3,2,5.3,5.3,0.0,,,,,,4.0,33.0,,,2026-04-05,4/2/2026
416,Jalen,Brooks,WR,Arizona Cardinals,5.0,2,5.0,0.0,0,,,,,,,,,,2026-04-05,4/2/2026
417,Reggie,Gilliam,RB,New England Patriots,4.9,1,,4.9,0,,,,,,4.0,29.0,,,2026-04-05,4/2/2026
418,Andrew,Beck,RB,New York Jets,4.8,1,,4.8,0,,,,,,4.0,28.0,,,2026-04-05,4/2/2026
419,Josh,Whyle,TE,Green Bay Packers,4.7,1,4.7,,0,,,,,,,,,,2026-04-05,4/2/2026
420,Kalel,Mullings,RB,Tennessee Titans,4.6,1,4.6,,0,,,,,,,,,,2026-04-05,4/2/2026
421,Julius,Chestnut,RB,Tennessee Titans,4.6,1,4.6,,0,,,,,,,,,,2026-04-05,4/2/2026
422,Patrick,Ricard,RB,New York Giants,4.6,1,,4.6,0,,,,,,4.0,26.0,,,2026-04-05,4/2/2026
423,Kenny,McIntosh,RB,Seattle Seahawks,4.4,1,4.4,,0,,,,,,,,,,2026-04-05,4/2/2026
424,Eric,Saubert,TE,Seattle Seahawks,4.2,1,4.2,,0,,,,,,,,,,2026-04-05,4/2/2026
425,Stone,Smartt,TE,Philadelphia Eagles,4.2,1,4.2,,0,,,,,,,,,,2026-04-05,4/2/2026
426,Phil,Mafah,RB,Dallas Cowboys,4.1,1,4.1,,0,,,,,,,,,,2026-04-05,4/2/2026
427,Derius,Davis,WR,Los Angeles Chargers,4.1,2,1.1,7.1,146.3,,,,22.0,,3.0,34.0,,,2026-04-05,4/2/2026
428,Drew,Ogletree,TE,Indianapolis Colts,3.9,1,3.9,,0,,,,,,,,,,2026-04-05,4/2/2026
429,Tyler,Goodson,RB,Atlanta Falcons,3.8,1,3.8,,0,,,,,,,,,,2026-04-05,4/2/2026
430,Dareke,Young,WR,Las Vegas Raiders,3.6,2,3.6,0.0,0,,,,,,,,,,2026-04-05,4/2/2026
431,Jake,Bobo,WR,Seattle Seahawks,3.2,1,3.2,,0,,,,,,,,,,2026-04-05,4/2/2026
432,Ricky,White,WR,Seattle Seahawks,3.2,1,3.2,,0,,,,,,,,,,2026-04-05,4/2/2026
433,Raheim,Sanders,RB,Cleveland Browns,3.1,1,3.1,,0,,,,,,,,,,2026-04-05,4/2/2026
434,Sione,Vaki,RB,Detroit Lions,3.0,1,3.0,,0,,,,,,,,,,2026-04-05,4/2/2026
435,Ben,Yurosek,TE,Minnesota Vikings,3.0,1,3.0,,0,,,,,,,,,,2026-04-05,4/2/2026
436,Cameron,Latu,TE,Philadelphia Eagles,3.0,1,3.0,,0,,,,,,,,,,2026-04-05,4/2/2026
437,Kylen,Granson,TE,Tennessee Titans,3.0,1,3.0,,0,,,,,,,,,,2026-04-05,4/2/2026
438,Trent,Sherfield,WR,Buffalo Bills,2.9,1,2.9,,0,,,,,,,,,,2026-04-05,4/2/2026
439,Nikko,Remigio,WR,Kansas City Chiefs,2.9,2,0.6,5.2,158.6,,,,,,3.0,37.0,,,2026-04-05,4/2/2026
440,Cam,Akers,RB,Seattle Seahawks,2.7,1,2.7,,0,,,,,,,,,,2026-04-05,4/2/2026
441,Skyy,Moore,WR,Green Bay Packers,2.5,2,2.5,0.0,0,,,,,,,,,,2026-04-05,4/2/2026
442,Donovan,Edwards,RB,Miami Dolphins,2.1,1,2.1,,0,,,,,,,,,,2026-04-05,4/2/2026
443,Damien,Martinez,RB,Green Bay Packers,2.1,1,2.1,,0,,,,,,,,,,2026-04-05,4/2/2026
444,Jordan,Watkins,WR,San Francisco 49ers,1.9,1,1.9,,0,,,,,,,,,,2026-04-05,4/2/2026
445,Chris,Manhertz,TE,New York Giants,1.8,1,1.8,,0,,,,,,,,,,2026-04-05,4/2/2026
446,Ko,Kieft,TE,Tampa Bay Buccaneers,1.8,1,1.8,,0,,,,,,,,,,2026-04-05,4/2/2026
447,British,Brooks,RB,Houston Texans,1.8,1,,1.8,0,,,,18.0,,,,,,2026-04-05,4/2/2026
448,Feleipe,Franks,TE,Carolina Panthers,1.4,1,1.4,,0,,,,,,,,,,2026-04-05,4/2/2026
449,Tyler,Conklin,TE,Detroit Lions,1.2,1,1.2,,0,,,,,,,,,,2026-04-05,4/2/2026
450,Jacob,Cowing,WR,San Francisco 49ers,1.2,2,1.2,0.0,0,,,,,,,,,,2026-04-05,4/2/2026
451,Elijah,Mitchell,RB,New England Patriots,1.1,1,1.1,,0,,,,,,,,,,2026-04-05,4/2/2026
452,Devin,Duvernay,WR,Arizona Cardinals,0.6,2,0.6,0.0,0,,,,,,,,,,2026-04-05,4/2/2026
453,Kene,Nwangwu,RB,New York Jets,0.0,1,,0.0,0,,,,,,,,,,2026-04-05,4/2/2026
454,Bam,Knight,RB,Arizona Cardinals,0.0,1,,0.0,0,,,,,,,,,,2026-04-05,4/2/2026
455,Jacob,Saylors,RB,Detroit Lions,0.0,1,,0.0,0,,,,,,,,,,2026-04-05,4/2/2026
456,DeeJay,Dallas,RB,Jacksonville Jaguars,0.0,1,,0.0,0,,,,,,,,,,2026-04-05,4/2/2026
457,Josh,Williams,RB,Tampa Bay Buccaneers,0.0,1,,0.0,0,,,,,,,,,,2026-04-05,4/2/2026
458,Charlie,Jones,WR,Cincinnati Bengals,0.0,1,,0.0,0,,,,,,,,,,2026-04-05,4/2/2026
459,Britain,Covey,WR,Philadelphia Eagles,0.0,1,,0.0,0,,,,,,,,,,2026-04-05,4/2/2026
460,Deven,Thompkins,WR,Atlanta Falcons,0.0,1,,0.0,0,,,,,,,,,,2026-04-05,4/2/2026
461,Ke'Shawn,Williams,WR,Cincinnati Bengals,0.0,1,,0.0,0,,,,,,,,,,2026-04-05,4/2/2026
462,Andre,Baccellia,WR,Arizona Cardinals,0.0,1,,0.0,0,,,,,,,,,,2026-04-05,4/2/2026
463,Gage,Larvadain,WR,Cleveland Browns,0.0,1,,0.0,0,,,,,,,,,,2026-04-05,4/2/2026
464,Michael,Bandy,WR,Denver Broncos,0.0,1,,0.0,0,,,,,,,,,,2026-04-05,4/2/2026
465,Brycen,Tremayne,WR,Carolina Panthers,0.0,1,,0.0,0,,,,,,,,,,2026-04-05,4/2/2026
466,Jeshaun,Jones,WR,Minnesota Vikings,0.0,1,,0.0,0,,,,,,,,,,2026-04-05,4/2/2026
467,Austin,Trammell,WR,Jacksonville Jaguars,0.0,1,,0.0,0,,,,,,,,,,2026-04-05,4/2/2026
