Picked At,Pick Number,First Name,Last Name,Team,Position,Draft Entry,Draft Size,Tournament Title
2026-03-02 12:39:22 UTC,37,Garrett,Wilson,NYJ,WR,2c0556f8-82a4-4473-8b22-5545a5bcbdc7,12,The Big Board
2026-02-01 15:16:48 UTC,229,Najee,Harris,,RB,abdf40e5-c953-47c5-a591-caad8c73c15f,12,The Big Board
2026-02-11 13:44:10 UTC,86,Chuba,Hubbard,CAR,RB,32375579-7bd4-4ec5-b41d-723d304a0455,12,The Big Board
2026-02-16 13:55:07 UTC,167,Calvin,Ridley,TEN,WR,e35100ff-ee04-4a89-99bf-095afab7596e,12,The Big Board
2026-02-23 18:43:50 UTC,172,Braelon,Allen,NYJ,RB,f132d553-4288-4507-a3b6-d37a3cf5b40d,12,The Big Board
2026-02-21 19:36:48 UTC,153,Daniel,Jones,IND,QB,7018265f-5a8e-4105-b5d5-defcce8f6afa,12,The Big Board
2026-02-08 21:27:27 UTC,4,Ja'Marr,Chase,CIN,WR,88e01cdd-c332-4f73-b30f-b3991f7818a0,12,The Big Board
2026-02-23 16:56:33 UTC,194,Nicholas,Singleton,,RB,8849c630-a7e3-4915-8c8b-45d643234abe,12,The Big Board
2026-02-08 20:24:41 UTC,143,Cam,Ward,TEN,QB,1cd26502-3b14-4692-b21c-544829de3fae,12,The Little Board
2026-03-02 13:09:06 UTC,228,Kyle,Williams,NE,WR,2c0556f8-82a4-4473-8b22-5545a5bcbdc7,12,The Big Board
2026-02-06 19:20:54 UTC,85,Quentin,Johnston,LAC,WR,63978a63-f6b8-4f72-a7aa-a18ed0860d5a,12,The Little Board
2026-03-09 16:11:24 UTC,232,Jack,Bech,LV,WR,7bfc3134-6aca-4dca-81b2-c939b2818ddf,12,The Big Board
2026-02-08 20:16:47 UTC,74,Michael,Wilson,ARI,WR,1cd26502-3b14-4692-b21c-544829de3fae,12,The Little Board
2026-03-09 13:01:03 UTC,202,Zachariah,Branch,,WR,6f0afb37-d8dd-4fe5-85d4-e9a567c918f7,12,The Big Board
2026-02-08 21:36:01 UTC,69,Rhamondre,Stevenson,NE,RB,88e01cdd-c332-4f73-b30f-b3991f7818a0,12,The Big Board
2026-02-01 14:47:37 UTC,12,De'Von,Achane,MIA,RB,abdf40e5-c953-47c5-a591-caad8c73c15f,12,The Big Board
2026-02-08 14:08:28 UTC,96,Michael,Pittman Jr.,PIT,WR,34f26df5-9e11-406c-a4b0-337487cd2bfd,12,The Little Board
2026-02-18 13:14:21 UTC,197,Joe,Mixon,,RB,c1c3cde2-10c0-40ce-9e2f-09408f6d320f,12,The Big Board
2026-02-08 21:42:49 UTC,148,Jordan,Mason,MIN,RB,88e01cdd-c332-4f73-b30f-b3991f7818a0,12,The Big Board
2026-02-13 15:06:07 UTC,171,Tank,Dell,HOU,WR,8790161f-c8c2-4765-85f5-347a01b4a316,12,The Big Board
2026-02-13 14:51:13 UTC,70,Mike,Evans,SF,WR,8790161f-c8c2-4765-85f5-347a01b4a316,12,The Big Board
2026-03-13 16:51:45 UTC,11,Malik,Nabers,NYG,WR,2d606bcc-0db2-40f8-852f-5f84af9a399d,12,The Big Board
2026-02-08 21:44:38 UTC,165,Dalton,Schultz,HOU,TE,88e01cdd-c332-4f73-b30f-b3991f7818a0,12,The Big Board
2026-01-30 13:13:15 UTC,66,Jaxson,Dart,NYG,QB,1e69c7ce-fc8a-4382-848e-7dcbe2d97338,12,The Little Board
2026-03-16 13:19:22 UTC,34,Kyren,Williams,LAR,RB,c7df1ed1-1688-4221-9803-06e260e6cd7d,12,The Big Board
2026-03-15 14:14:31 UTC,195,Aaron,Rodgers,PIT,QB,21bba02d-1cca-475a-9456-bb51848ae111,12,The Big Board
2026-03-15 13:53:45 UTC,51,Davante,Adams,LAR,WR,21bba02d-1cca-475a-9456-bb51848ae111,12,The Big Board
2026-02-23 16:32:22 UTC,26,Rashee,Rice,KC,WR,8849c630-a7e3-4915-8c8b-45d643234abe,12,The Big Board
2026-02-14 16:41:21 UTC,236,Justin,Joly,,TE,1b44b6dd-a60c-46a7-bd6b-efe586781281,12,The Big Board
2026-02-18 13:08:48 UTC,149,Mark,Andrews,BAL,TE,c1c3cde2-10c0-40ce-9e2f-09408f6d320f,12,The Big Board
2026-02-23 17:02:59 UTC,239,Michael,Trigg,,TE,8849c630-a7e3-4915-8c8b-45d643234abe,12,The Big Board
2026-02-18 12:50:53 UTC,20,Drake,London,ATL,WR,c1c3cde2-10c0-40ce-9e2f-09408f6d320f,12,The Big Board
2026-03-09 12:48:05 UTC,130,James,Conner,ARI,RB,6f0afb37-d8dd-4fe5-85d4-e9a567c918f7,12,The Big Board
2026-02-16 13:46:01 UTC,98,Chuba,Hubbard,CAR,RB,e35100ff-ee04-4a89-99bf-095afab7596e,12,The Big Board
2026-02-10 13:51:49 UTC,119,Baker,Mayfield,TB,QB,5b421b54-09ce-4937-b698-2eb04bbb7794,12,The Big Board
2026-02-13 15:08:50 UTC,190,Dalton,Schultz,HOU,TE,8790161f-c8c2-4765-85f5-347a01b4a316,12,The Big Board
2026-02-13 14:40:54 UTC,3,Puka,Nacua,LAR,WR,8790161f-c8c2-4765-85f5-347a01b4a316,12,The Big Board
2026-03-16 13:46:32 UTC,183,Isaac,TeSlaa,DET,WR,c7df1ed1-1688-4221-9803-06e260e6cd7d,12,The Big Board
2026-03-09 12:41:38 UTC,87,Patrick,Mahomes,KC,QB,6f0afb37-d8dd-4fe5-85d4-e9a567c918f7,12,The Big Board
2026-01-26 13:11:28 UTC,88,Matthew,Stafford,LAR,QB,9f40af1c-5ecf-4bb4-b4d1-aad58e2e2368,12,The Little Board
2026-02-11 14:05:18 UTC,227,Malachi,Fields,,WR,32375579-7bd4-4ec5-b41d-723d304a0455,12,The Big Board
2026-02-08 20:10:58 UTC,23,Chase,Brown,CIN,RB,1cd26502-3b14-4692-b21c-544829de3fae,12,The Little Board
2026-02-06 21:14:48 UTC,31,Chris,Olave,NO,WR,2eae6225-281e-4a4f-909a-94f558bfabb5,12,The Little Board
2026-02-02 15:14:08 UTC,49,Terry,McLaurin,WAS,WR,34f26df5-9e11-406c-a4b0-337487cd2bfd,12,The Little Board
2026-01-28 02:12:50 UTC,141,Romeo,Doubs,NE,WR,4da04a55-fc41-49d5-b1f6-264952312951,12,The Little Board
2026-02-23 16:38:59 UTC,74,Alec,Pierce,IND,WR,8849c630-a7e3-4915-8c8b-45d643234abe,12,The Big Board
2026-03-09 12:37:10 UTC,58,Jordyn,Tyson,,WR,6f0afb37-d8dd-4fe5-85d4-e9a567c918f7,12,The Big Board
2026-02-08 21:34:12 UTC,52,Jaylen,Waddle,MIA,WR,88e01cdd-c332-4f73-b30f-b3991f7818a0,12,The Big Board
2026-01-30 20:42:32 UTC,24,Chase,Brown,CIN,RB,34f26df5-9e11-406c-a4b0-337487cd2bfd,12,The Little Board
2026-02-21 19:41:03 UTC,184,Dylan,Sampson,CLE,RB,7018265f-5a8e-4105-b5d5-defcce8f6afa,12,The Big Board
2026-02-18 13:10:32 UTC,164,Zach,Charbonnet,SEA,RB,c1c3cde2-10c0-40ce-9e2f-09408f6d320f,12,The Big Board
2026-02-23 16:49:30 UTC,143,C.J.,Stroud,HOU,QB,8849c630-a7e3-4915-8c8b-45d643234abe,12,The Big Board
2026-02-13 14:48:11 UTC,51,Carnell,Tate,,WR,8790161f-c8c2-4765-85f5-347a01b4a316,12,The Big Board
2026-03-16 13:41:33 UTC,159,Travis,Hunter,JAX,WR,c7df1ed1-1688-4221-9803-06e260e6cd7d,12,The Big Board
2026-03-02 13:01:35 UTC,180,Travis,Kelce,KC,TE,2c0556f8-82a4-4473-8b22-5545a5bcbdc7,12,The Big Board
2026-02-06 19:44:54 UTC,228,Evan,Engram,DEN,TE,63978a63-f6b8-4f72-a7aa-a18ed0860d5a,12,The Little Board
2026-03-16 13:14:57 UTC,10,Ashton,Jeanty,LV,RB,c7df1ed1-1688-4221-9803-06e260e6cd7d,12,The Big Board
2026-02-06 19:12:09 UTC,36,A.J.,Brown,PHI,WR,63978a63-f6b8-4f72-a7aa-a18ed0860d5a,12,The Little Board
2026-03-15 13:47:28 UTC,3,Puka,Nacua,LAR,WR,21bba02d-1cca-475a-9456-bb51848ae111,12,The Big Board
2026-02-06 19:35:52 UTC,181,Joe,Mixon,,RB,63978a63-f6b8-4f72-a7aa-a18ed0860d5a,12,The Little Board
2026-03-09 12:44:13 UTC,106,Jared,Goff,DET,QB,6f0afb37-d8dd-4fe5-85d4-e9a567c918f7,12,The Big Board
2026-03-13 17:17:54 UTC,158,Alvin,Kamara,NO,RB,2d606bcc-0db2-40f8-852f-5f84af9a399d,12,The Big Board
2026-01-28 02:09:15 UTC,117,Jordan,Love,GB,QB,4da04a55-fc41-49d5-b1f6-264952312951,12,The Little Board
2026-02-04 16:17:01 UTC,127,Dallas,Goedert,PHI,TE,1e69c7ce-fc8a-4382-848e-7dcbe2d97338,12,The Little Board
2026-02-16 17:38:03 UTC,203,Chris,Brazzell II,,WR,e4433537-a733-4832-925e-bdfba6fa6ebb,12,The Big Board
2026-02-14 16:13:48 UTC,20,Drake,London,ATL,WR,1b44b6dd-a60c-46a7-bd6b-efe586781281,12,The Big Board
2026-02-21 19:37:35 UTC,160,Travis,Kelce,KC,TE,7018265f-5a8e-4105-b5d5-defcce8f6afa,12,The Big Board
2026-02-18 13:05:19 UTC,125,Jayden,Higgins,HOU,WR,c1c3cde2-10c0-40ce-9e2f-09408f6d320f,12,The Big Board
2026-03-13 16:57:30 UTC,38,Colston,Loveland,CHI,TE,2d606bcc-0db2-40f8-852f-5f84af9a399d,12,The Big Board
2026-02-06 21:30:11 UTC,127,Tyler,Shough,NO,QB,2eae6225-281e-4a4f-909a-94f558bfabb5,12,The Little Board
2026-01-28 02:21:29 UTC,196,Zachariah,Branch,,WR,4da04a55-fc41-49d5-b1f6-264952312951,12,The Little Board
2026-03-13 17:25:32 UTC,206,Nicholas,Singleton,,RB,2d606bcc-0db2-40f8-852f-5f84af9a399d,12,The Big Board
2026-01-26 13:10:49 UTC,81,Stefon,Diggs,,WR,9f40af1c-5ecf-4bb4-b4d1-aad58e2e2368,12,The Little Board
2026-03-09 16:02:13 UTC,177,Isaac,TeSlaa,DET,WR,7bfc3134-6aca-4dca-81b2-c939b2818ddf,12,The Big Board
2026-02-16 14:01:20 UTC,218,Eli,Stowers,,TE,e35100ff-ee04-4a89-99bf-095afab7596e,12,The Big Board
2026-02-10 14:03:08 UTC,191,Brian,Robinson,,RB,5b421b54-09ce-4937-b698-2eb04bbb7794,12,The Big Board
2026-02-13 14:51:56 UTC,75,Harold,Fannin,CLE,TE,8790161f-c8c2-4765-85f5-347a01b4a316,12,The Big Board
2026-01-28 02:18:20 UTC,172,Tank,Dell,HOU,WR,4da04a55-fc41-49d5-b1f6-264952312951,12,The Little Board
2026-02-13 15:02:52 UTC,147,C.J.,Stroud,HOU,QB,8790161f-c8c2-4765-85f5-347a01b4a316,12,The Big Board
2026-02-21 19:27:35 UTC,88,Patrick,Mahomes,KC,QB,7018265f-5a8e-4105-b5d5-defcce8f6afa,12,The Big Board
2026-01-29 11:37:05 UTC,55,DeVonta,Smith,PHI,WR,1e69c7ce-fc8a-4382-848e-7dcbe2d97338,12,The Little Board
2026-02-23 16:35:45 UTC,50,Makai,Lemon,,WR,8849c630-a7e3-4915-8c8b-45d643234abe,12,The Big Board
2026-02-23 18:40:58 UTC,148,Hunter,Henry,NE,TE,f132d553-4288-4507-a3b6-d37a3cf5b40d,12,The Big Board
2026-02-21 19:31:25 UTC,112,Woody,Marks,HOU,RB,7018265f-5a8e-4105-b5d5-defcce8f6afa,12,The Big Board
2026-02-08 21:38:13 UTC,93,Brock,Purdy,SF,QB,88e01cdd-c332-4f73-b30f-b3991f7818a0,12,The Big Board
2026-02-16 13:55:21 UTC,170,Chimere,Dike,TEN,WR,e35100ff-ee04-4a89-99bf-095afab7596e,12,The Big Board
2026-01-26 13:03:35 UTC,40,Davante,Adams,LAR,WR,9f40af1c-5ecf-4bb4-b4d1-aad58e2e2368,12,The Little Board
2026-02-14 16:23:42 UTC,92,Patrick,Mahomes,KC,QB,1b44b6dd-a60c-46a7-bd6b-efe586781281,12,The Big Board
2026-02-08 21:38:42 UTC,100,Jordan,Addison,MIN,WR,88e01cdd-c332-4f73-b30f-b3991f7818a0,12,The Big Board
2026-03-09 12:53:07 UTC,159,Emmett,Johnson,,RB,6f0afb37-d8dd-4fe5-85d4-e9a567c918f7,12,The Big Board
2026-02-21 19:24:04 UTC,64,Tyler,Warren,IND,TE,7018265f-5a8e-4105-b5d5-defcce8f6afa,12,The Big Board
2026-02-13 15:15:37 UTC,238,Mac,Jones,SF,QB,8790161f-c8c2-4765-85f5-347a01b4a316,12,The Big Board
2026-02-16 13:36:07 UTC,26,Josh,Jacobs,GB,RB,e35100ff-ee04-4a89-99bf-095afab7596e,12,The Big Board
2026-03-16 13:23:56 UTC,63,Christian,Watson,GB,WR,c7df1ed1-1688-4221-9803-06e260e6cd7d,12,The Big Board
2026-02-16 17:16:33 UTC,86,Jakobi,Meyers,JAX,WR,e4433537-a733-4832-925e-bdfba6fa6ebb,12,The Big Board
2026-02-14 16:30:01 UTC,140,Alvin,Kamara,NO,RB,1b44b6dd-a60c-46a7-bd6b-efe586781281,12,The Big Board
2026-01-28 02:00:53 UTC,69,Rhamondre,Stevenson,NE,RB,4da04a55-fc41-49d5-b1f6-264952312951,12,The Little Board
2026-02-03 16:08:54 UTC,114,Chuba,Hubbard,CAR,RB,1e69c7ce-fc8a-4382-848e-7dcbe2d97338,12,The Little Board
2026-02-08 20:27:17 UTC,167,Theo,Johnson,NYG,TE,1cd26502-3b14-4692-b21c-544829de3fae,12,The Little Board
2026-03-15 14:17:38 UTC,214,Pat,Freiermuth,PIT,TE,21bba02d-1cca-475a-9456-bb51848ae111,12,The Big Board
2026-02-01 15:16:46 UTC,228,Omar,Cooper Jr.,,WR,abdf40e5-c953-47c5-a591-caad8c73c15f,12,The Big Board
2026-01-26 19:27:46 UTC,7,CeeDee,Lamb,DAL,WR,1e69c7ce-fc8a-4382-848e-7dcbe2d97338,12,The Little Board
2026-02-16 13:58:24 UTC,194,Gunnar,Helm,TEN,TE,e35100ff-ee04-4a89-99bf-095afab7596e,12,The Big Board
2026-02-01 15:01:17 UTC,108,Jadarian,Price,,RB,abdf40e5-c953-47c5-a591-caad8c73c15f,12,The Big Board
2026-03-09 16:05:48 UTC,201,Nicholas,Singleton,,RB,7bfc3134-6aca-4dca-81b2-c939b2818ddf,12,The Big Board
2026-02-08 20:19:36 UTC,98,Tony,Pollard,TEN,RB,1cd26502-3b14-4692-b21c-544829de3fae,12,The Little Board
2026-02-11 13:40:44 UTC,62,Jalen,Hurts,PHI,QB,32375579-7bd4-4ec5-b41d-723d304a0455,12,The Big Board
2026-02-11 13:56:55 UTC,179,AJ,Barner,SEA,TE,32375579-7bd4-4ec5-b41d-723d304a0455,12,The Big Board
2026-02-23 16:31:45 UTC,23,Nico,Collins,HOU,WR,8849c630-a7e3-4915-8c8b-45d643234abe,12,The Big Board
2026-01-26 13:21:47 UTC,160,J.K.,Dobbins,DEN,RB,9f40af1c-5ecf-4bb4-b4d1-aad58e2e2368,12,The Little Board
2026-03-16 13:31:26 UTC,106,Wan'Dale,Robinson,TEN,WR,c7df1ed1-1688-4221-9803-06e260e6cd7d,12,The Big Board
2026-02-13 14:55:47 UTC,99,Jordan,Love,GB,QB,8790161f-c8c2-4765-85f5-347a01b4a316,12,The Big Board
2026-02-23 18:40:17 UTC,141,Kyler,Murray,MIN,QB,f132d553-4288-4507-a3b6-d37a3cf5b40d,12,The Big Board
2026-02-06 21:26:25 UTC,103,Bo,Nix,DEN,QB,2eae6225-281e-4a4f-909a-94f558bfabb5,12,The Little Board
2026-02-23 18:32:43 UTC,93,Michael,Pittman Jr.,PIT,WR,f132d553-4288-4507-a3b6-d37a3cf5b40d,12,The Big Board
2026-02-11 13:37:03 UTC,38,DeVonta,Smith,PHI,WR,32375579-7bd4-4ec5-b41d-723d304a0455,12,The Big Board
2026-02-06 19:08:29 UTC,13,De'Von,Achane,MIA,RB,63978a63-f6b8-4f72-a7aa-a18ed0860d5a,12,The Little Board
2026-02-23 18:22:58 UTC,28,Bucky,Irving,TB,RB,f132d553-4288-4507-a3b6-d37a3cf5b40d,12,The Big Board
2026-02-08 20:19:07 UTC,95,Matthew,Stafford,LAR,QB,1cd26502-3b14-4692-b21c-544829de3fae,12,The Little Board
2026-02-11 13:33:30 UTC,11,James,Cook,BUF,RB,32375579-7bd4-4ec5-b41d-723d304a0455,12,The Big Board
2026-01-31 05:52:27 UTC,79,Jalen,Hurts,PHI,QB,1e69c7ce-fc8a-4382-848e-7dcbe2d97338,12,The Little Board
2026-01-28 13:28:11 UTC,42,TreVeyon,Henderson,NE,RB,1e69c7ce-fc8a-4382-848e-7dcbe2d97338,12,The Little Board
2026-02-08 20:06:17 UTC,2,Puka,Nacua,LAR,WR,1cd26502-3b14-4692-b21c-544829de3fae,12,The Little Board
2026-03-09 15:34:38 UTC,16,Brock,Bowers,LV,TE,7bfc3134-6aca-4dca-81b2-c939b2818ddf,12,The Big Board
2026-01-28 02:13:50 UTC,148,Mark,Andrews,BAL,TE,4da04a55-fc41-49d5-b1f6-264952312951,12,The Little Board
2026-02-21 19:19:21 UTC,33,Rashee,Rice,KC,WR,7018265f-5a8e-4105-b5d5-defcce8f6afa,12,The Big Board
2026-02-16 17:33:31 UTC,182,Isaac,TeSlaa,DET,WR,e4433537-a733-4832-925e-bdfba6fa6ebb,12,The Big Board
2026-03-13 17:28:45 UTC,230,Chris,Bell,,WR,2d606bcc-0db2-40f8-852f-5f84af9a399d,12,The Big Board
2026-02-06 19:20:39 UTC,84,Tucker,Kraft,GB,TE,63978a63-f6b8-4f72-a7aa-a18ed0860d5a,12,The Little Board
2026-03-13 17:21:50 UTC,182,Dylan,Sampson,CLE,RB,2d606bcc-0db2-40f8-852f-5f84af9a399d,12,The Big Board
2026-02-08 21:46:48 UTC,196,Colby,Parkinson,LAR,TE,88e01cdd-c332-4f73-b30f-b3991f7818a0,12,The Big Board
2026-02-13 15:02:11 UTC,142,Jordan,Mason,MIN,RB,8790161f-c8c2-4765-85f5-347a01b4a316,12,The Big Board
2026-03-13 17:05:11 UTC,83,Michael,Wilson,ARI,WR,2d606bcc-0db2-40f8-852f-5f84af9a399d,12,The Big Board
2026-03-09 12:29:07 UTC,10,Amon-Ra,St. Brown,DET,WR,6f0afb37-d8dd-4fe5-85d4-e9a567c918f7,12,The Big Board
2026-02-10 13:52:05 UTC,122,Woody,Marks,HOU,RB,5b421b54-09ce-4937-b698-2eb04bbb7794,12,The Big Board
2026-03-09 13:06:06 UTC,231,Max,Klare,,TE,6f0afb37-d8dd-4fe5-85d4-e9a567c918f7,12,The Big Board
2026-02-11 02:43:01 UTC,120,Chris,Godwin,TB,WR,34f26df5-9e11-406c-a4b0-337487cd2bfd,12,The Little Board
2026-02-18 13:00:52 UTC,92,Jadarian,Price,,RB,c1c3cde2-10c0-40ce-9e2f-09408f6d320f,12,The Big Board
2026-03-09 12:34:11 UTC,39,Jameson,Williams,DET,WR,6f0afb37-d8dd-4fe5-85d4-e9a567c918f7,12,The Big Board
2026-02-08 20:32:32 UTC,215,Omar,Cooper Jr.,,WR,1cd26502-3b14-4692-b21c-544829de3fae,12,The Little Board
2026-03-13 17:12:55 UTC,131,Denzel,Boston,,WR,2d606bcc-0db2-40f8-852f-5f84af9a399d,12,The Big Board
2026-02-13 15:09:32 UTC,195,Kaleb,Johnson,PIT,RB,8790161f-c8c2-4765-85f5-347a01b4a316,12,The Big Board
2026-01-26 13:23:50 UTC,177,Malik,Willis,MIA,QB,9f40af1c-5ecf-4bb4-b4d1-aad58e2e2368,12,The Little Board
2026-02-16 13:52:31 UTC,146,Cam,Ward,TEN,QB,e35100ff-ee04-4a89-99bf-095afab7596e,12,The Big Board
2026-02-21 19:17:07 UTC,16,Justin,Jefferson,MIN,WR,7018265f-5a8e-4105-b5d5-defcce8f6afa,12,The Big Board
2026-03-02 12:35:27 UTC,13,Justin,Jefferson,MIN,WR,2c0556f8-82a4-4473-8b22-5545a5bcbdc7,12,The Big Board
2026-03-13 16:57:08 UTC,35,Luther,Burden,CHI,WR,2d606bcc-0db2-40f8-852f-5f84af9a399d,12,The Big Board
2026-01-28 02:04:55 UTC,93,Tucker,Kraft,GB,TE,4da04a55-fc41-49d5-b1f6-264952312951,12,The Little Board
2026-02-18 12:48:40 UTC,5,Ja'Marr,Chase,CIN,WR,c1c3cde2-10c0-40ce-9e2f-09408f6d320f,12,The Big Board
2026-03-09 15:54:34 UTC,136,Fernando,Mendoza,,QB,7bfc3134-6aca-4dca-81b2-c939b2818ddf,12,The Big Board
2026-03-16 13:31:55 UTC,111,Xavier,Worthy,KC,WR,c7df1ed1-1688-4221-9803-06e260e6cd7d,12,The Big Board
2026-02-13 14:58:40 UTC,118,Matthew,Golden,GB,WR,8790161f-c8c2-4765-85f5-347a01b4a316,12,The Big Board
2026-02-18 12:57:45 UTC,68,Joe,Burrow,CIN,QB,c1c3cde2-10c0-40ce-9e2f-09408f6d320f,12,The Big Board
2026-03-02 13:05:20 UTC,204,Keaton,Mitchell,LAC,RB,2c0556f8-82a4-4473-8b22-5545a5bcbdc7,12,The Big Board
2026-02-23 16:50:08 UTC,146,Kenyon,Sadiq,,TE,8849c630-a7e3-4915-8c8b-45d643234abe,12,The Big Board
2026-03-15 14:06:51 UTC,147,Aaron,Jones,MIN,RB,21bba02d-1cca-475a-9456-bb51848ae111,12,The Big Board
2026-01-26 13:24:45 UTC,184,Travis,Kelce,KC,TE,9f40af1c-5ecf-4bb4-b4d1-aad58e2e2368,12,The Little Board
2026-02-01 15:07:20 UTC,156,Jordan,Mason,MIN,RB,abdf40e5-c953-47c5-a591-caad8c73c15f,12,The Big Board
2026-02-06 21:22:37 UTC,79,Jaxson,Dart,NYG,QB,2eae6225-281e-4a4f-909a-94f558bfabb5,12,The Little Board
2026-03-13 17:09:41 UTC,110,Kyle,Pitts,ATL,TE,2d606bcc-0db2-40f8-852f-5f84af9a399d,12,The Big Board
2026-02-18 13:17:21 UTC,221,Darnell,Mooney,NYG,WR,c1c3cde2-10c0-40ce-9e2f-09408f6d320f,12,The Big Board
2026-02-06 19:40:52 UTC,204,Aaron,Rodgers,PIT,QB,63978a63-f6b8-4f72-a7aa-a18ed0860d5a,12,The Little Board
2026-02-08 21:36:31 UTC,76,Ricky,Pearsall,SF,WR,88e01cdd-c332-4f73-b30f-b3991f7818a0,12,The Big Board
2026-02-01 15:04:16 UTC,132,Deebo,Samuel,,WR,abdf40e5-c953-47c5-a591-caad8c73c15f,12,The Big Board
2026-02-07 14:00:46 UTC,162,Theo,Johnson,NYG,TE,1e69c7ce-fc8a-4382-848e-7dcbe2d97338,12,The Little Board
2026-03-02 12:54:43 UTC,132,Emmett,Johnson,,RB,2c0556f8-82a4-4473-8b22-5545a5bcbdc7,12,The Big Board
2026-02-06 19:16:23 UTC,60,Christian,Watson,GB,WR,63978a63-f6b8-4f72-a7aa-a18ed0860d5a,12,The Little Board
2026-02-14 02:29:40 UTC,145,Tyreek,Hill,,WR,34f26df5-9e11-406c-a4b0-337487cd2bfd,12,The Little Board
2026-02-08 20:27:30 UTC,170,Jacoby,Brissett,ARI,QB,1cd26502-3b14-4692-b21c-544829de3fae,12,The Little Board
2026-02-23 18:33:32 UTC,100,Rico,Dowdle,PIT,RB,f132d553-4288-4507-a3b6-d37a3cf5b40d,12,The Big Board
2026-01-26 13:15:01 UTC,112,Jordan,Love,GB,QB,9f40af1c-5ecf-4bb4-b4d1-aad58e2e2368,12,The Little Board
2026-02-08 20:30:07 UTC,194,Gunnar,Helm,TEN,TE,1cd26502-3b14-4692-b21c-544829de3fae,12,The Little Board
2026-01-28 01:56:23 UTC,45,Lamar,Jackson,BAL,QB,4da04a55-fc41-49d5-b1f6-264952312951,12,The Little Board
2026-03-15 13:56:52 UTC,70,Jaylen,Warren,PIT,RB,21bba02d-1cca-475a-9456-bb51848ae111,12,The Big Board
2026-02-23 16:35:20 UTC,47,Emeka,Egbuka,TB,WR,8849c630-a7e3-4915-8c8b-45d643234abe,12,The Big Board
2026-03-09 15:50:39 UTC,112,Dalton,Kincaid,BUF,TE,7bfc3134-6aca-4dca-81b2-c939b2818ddf,12,The Big Board
2026-02-13 15:12:26 UTC,219,Jake,Tonges,SF,TE,8790161f-c8c2-4765-85f5-347a01b4a316,12,The Big Board
2026-02-14 16:32:50 UTC,164,Tyjae,Spears,TEN,RB,1b44b6dd-a60c-46a7-bd6b-efe586781281,12,The Big Board
2026-01-28 02:24:27 UTC,213,Rashod,Bateman,BAL,WR,4da04a55-fc41-49d5-b1f6-264952312951,12,The Little Board
2026-03-09 12:45:21 UTC,111,Jauan,Jennings,,WR,6f0afb37-d8dd-4fe5-85d4-e9a567c918f7,12,The Big Board
2026-01-26 13:17:40 UTC,129,Matthew,Golden,GB,WR,9f40af1c-5ecf-4bb4-b4d1-aad58e2e2368,12,The Little Board
2026-02-01 12:41:51 UTC,90,Kyle,Monangai,CHI,RB,1e69c7ce-fc8a-4382-848e-7dcbe2d97338,12,The Little Board
2026-02-16 17:24:21 UTC,131,Brenton,Strange,JAX,TE,e4433537-a733-4832-925e-bdfba6fa6ebb,12,The Big Board
2026-02-23 16:56:05 UTC,191,Dylan,Sampson,CLE,RB,8849c630-a7e3-4915-8c8b-45d643234abe,12,The Big Board
2026-02-16 13:32:08 UTC,2,Jahmyr,Gibbs,DET,RB,e35100ff-ee04-4a89-99bf-095afab7596e,12,The Big Board
2026-02-21 19:47:37 UTC,232,Isaiah,Bond,CLE,WR,7018265f-5a8e-4105-b5d5-defcce8f6afa,12,The Big Board
2026-02-01 15:10:37 UTC,180,Tre',Harris,LAC,WR,abdf40e5-c953-47c5-a591-caad8c73c15f,12,The Big Board
2026-01-28 02:17:21 UTC,165,Kimani,Vidal,LAC,RB,4da04a55-fc41-49d5-b1f6-264952312951,12,The Little Board
2026-02-01 15:07:34 UTC,157,Juwan,Johnson,NO,TE,abdf40e5-c953-47c5-a591-caad8c73c15f,12,The Big Board
2026-02-08 21:50:25 UTC,237,Ollie,Gordon,MIA,RB,88e01cdd-c332-4f73-b30f-b3991f7818a0,12,The Big Board
2026-03-15 14:04:09 UTC,123,C.J.,Stroud,HOU,QB,21bba02d-1cca-475a-9456-bb51848ae111,12,The Big Board
2026-03-02 12:51:09 UTC,109,Jayden,Reed,GB,WR,2c0556f8-82a4-4473-8b22-5545a5bcbdc7,12,The Big Board
2026-01-28 02:02:09 UTC,76,Jalen,Hurts,PHI,QB,4da04a55-fc41-49d5-b1f6-264952312951,12,The Little Board
2026-02-06 19:24:47 UTC,109,Jordan,Love,GB,QB,63978a63-f6b8-4f72-a7aa-a18ed0860d5a,12,The Little Board
2026-02-06 19:08:25 UTC,12,James,Cook,BUF,RB,63978a63-f6b8-4f72-a7aa-a18ed0860d5a,12,The Little Board
2026-03-09 13:04:42 UTC,226,Demond,Claiborne,,RB,6f0afb37-d8dd-4fe5-85d4-e9a567c918f7,12,The Big Board
2026-02-14 16:22:25 UTC,77,Jaylen,Warren,PIT,RB,1b44b6dd-a60c-46a7-bd6b-efe586781281,12,The Big Board
2026-01-28 02:25:22 UTC,220,Ray,Davis,BUF,RB,4da04a55-fc41-49d5-b1f6-264952312951,12,The Little Board
2026-01-28 02:06:08 UTC,100,Jayden,Reed,GB,WR,4da04a55-fc41-49d5-b1f6-264952312951,12,The Little Board
2026-03-02 12:47:21 UTC,84,Tucker,Kraft,GB,TE,2c0556f8-82a4-4473-8b22-5545a5bcbdc7,12,The Big Board
2026-02-21 19:46:15 UTC,225,Demond,Claiborne,,RB,7018265f-5a8e-4105-b5d5-defcce8f6afa,12,The Big Board
2026-02-11 13:47:17 UTC,107,Wan'Dale,Robinson,TEN,WR,32375579-7bd4-4ec5-b41d-723d304a0455,12,The Big Board
2026-02-16 17:38:32 UTC,206,Kaleb,Johnson,PIT,RB,e4433537-a733-4832-925e-bdfba6fa6ebb,12,The Big Board
2026-03-02 12:43:08 UTC,60,Marvin,Harrison,ARI,WR,2c0556f8-82a4-4473-8b22-5545a5bcbdc7,12,The Big Board
2026-02-21 19:20:15 UTC,40,Zay,Flowers,BAL,WR,7018265f-5a8e-4105-b5d5-defcce8f6afa,12,The Big Board
2026-01-28 01:49:56 UTC,4,Jahmyr,Gibbs,DET,RB,4da04a55-fc41-49d5-b1f6-264952312951,12,The Little Board
2026-02-21 10:27:45 UTC,193,Omar,Cooper Jr.,,WR,34f26df5-9e11-406c-a4b0-337487cd2bfd,12,The Little Board
2026-02-11 13:53:40 UTC,158,Jerry,Jeudy,CLE,WR,32375579-7bd4-4ec5-b41d-723d304a0455,12,The Big Board
2026-02-23 18:36:40 UTC,117,Emmett,Johnson,,RB,f132d553-4288-4507-a3b6-d37a3cf5b40d,12,The Big Board
2026-02-10 13:55:41 UTC,143,Alvin,Kamara,NO,RB,5b421b54-09ce-4937-b698-2eb04bbb7794,12,The Big Board
2026-03-15 14:06:29 UTC,142,Tyrone,Tracy,NYG,RB,21bba02d-1cca-475a-9456-bb51848ae111,12,The Big Board
2026-02-08 21:33:33 UTC,45,TreVeyon,Henderson,NE,RB,88e01cdd-c332-4f73-b30f-b3991f7818a0,12,The Big Board
2026-02-06 19:12:22 UTC,37,Jameson,Williams,DET,WR,63978a63-f6b8-4f72-a7aa-a18ed0860d5a,12,The Little Board
2026-01-28 21:46:51 UTC,1,Bijan,Robinson,ATL,RB,34f26df5-9e11-406c-a4b0-337487cd2bfd,12,The Little Board
2026-02-11 13:43:25 UTC,83,Bhayshul,Tuten,JAX,RB,32375579-7bd4-4ec5-b41d-723d304a0455,12,The Big Board
2026-02-16 17:33:16 UTC,179,Chimere,Dike,TEN,WR,e4433537-a733-4832-925e-bdfba6fa6ebb,12,The Big Board
2026-01-26 13:27:56 UTC,201,Devaughn,Vele,NO,WR,9f40af1c-5ecf-4bb4-b4d1-aad58e2e2368,12,The Little Board
2026-02-16 17:20:29 UTC,110,Jayden,Reed,GB,WR,e4433537-a733-4832-925e-bdfba6fa6ebb,12,The Big Board
2026-03-16 13:53:51 UTC,226,Darnell,Washington,PIT,TE,c7df1ed1-1688-4221-9803-06e260e6cd7d,12,The Big Board
2026-02-23 18:46:42 UTC,196,Zachariah,Branch,,WR,f132d553-4288-4507-a3b6-d37a3cf5b40d,12,The Big Board
2026-03-15 13:59:56 UTC,94,Kyle,Monangai,CHI,RB,21bba02d-1cca-475a-9456-bb51848ae111,12,The Big Board
2026-01-26 13:20:48 UTC,153,Adonai,Mitchell,NYJ,WR,9f40af1c-5ecf-4bb4-b4d1-aad58e2e2368,12,The Little Board
2026-01-26 12:58:43 UTC,9,James,Cook,BUF,RB,9f40af1c-5ecf-4bb4-b4d1-aad58e2e2368,12,The Little Board
2026-02-10 13:35:50 UTC,23,George,Pickens,DAL,WR,5b421b54-09ce-4937-b698-2eb04bbb7794,12,The Big Board
2026-01-27 12:03:47 UTC,31,Breece,Hall,NYJ,RB,1e69c7ce-fc8a-4382-848e-7dcbe2d97338,12,The Little Board
2026-02-16 13:42:49 UTC,74,Trevor,Lawrence,JAX,QB,e35100ff-ee04-4a89-99bf-095afab7596e,12,The Big Board
2026-02-08 21:48:07 UTC,213,Omar,Cooper Jr.,,WR,88e01cdd-c332-4f73-b30f-b3991f7818a0,12,The Big Board
2026-02-23 18:43:16 UTC,165,AJ,Barner,SEA,TE,f132d553-4288-4507-a3b6-d37a3cf5b40d,12,The Big Board
2026-02-18 13:13:18 UTC,188,Brian,Robinson,,RB,c1c3cde2-10c0-40ce-9e2f-09408f6d320f,12,The Big Board
2026-02-16 13:39:20 UTC,50,Carnell,Tate,,WR,e35100ff-ee04-4a89-99bf-095afab7596e,12,The Big Board
2026-02-02 15:14:07 UTC,48,Emeka,Egbuka,TB,WR,34f26df5-9e11-406c-a4b0-337487cd2bfd,12,The Little Board
2026-03-09 12:49:06 UTC,135,J.K.,Dobbins,DEN,RB,6f0afb37-d8dd-4fe5-85d4-e9a567c918f7,12,The Big Board
2026-02-16 17:28:58 UTC,158,Jonathon,Brooks,CAR,RB,e4433537-a733-4832-925e-bdfba6fa6ebb,12,The Big Board
2026-03-15 13:57:29 UTC,75,Jaxson,Dart,NYG,QB,21bba02d-1cca-475a-9456-bb51848ae111,12,The Big Board
2026-02-23 16:46:00 UTC,119,Baker,Mayfield,TB,QB,8849c630-a7e3-4915-8c8b-45d643234abe,12,The Big Board
2026-02-14 16:20:55 UTC,68,Mike,Evans,SF,WR,1b44b6dd-a60c-46a7-bd6b-efe586781281,12,The Big Board
2026-02-14 16:14:34 UTC,29,Rashee,Rice,KC,WR,1b44b6dd-a60c-46a7-bd6b-efe586781281,12,The Big Board
2026-02-14 16:30:50 UTC,149,Jordan,Mason,MIN,RB,1b44b6dd-a60c-46a7-bd6b-efe586781281,12,The Big Board
2026-02-23 18:49:03 UTC,213,Kyle,Williams,NE,WR,f132d553-4288-4507-a3b6-d37a3cf5b40d,12,The Big Board
2026-03-09 15:57:27 UTC,153,Aaron,Jones,MIN,RB,7bfc3134-6aca-4dca-81b2-c939b2818ddf,12,The Big Board
2026-02-14 16:33:39 UTC,173,Sean,Tucker,TB,RB,1b44b6dd-a60c-46a7-bd6b-efe586781281,12,The Big Board
2026-02-21 19:26:39 UTC,81,Dak,Prescott,DAL,QB,7018265f-5a8e-4105-b5d5-defcce8f6afa,12,The Big Board
2026-02-11 13:33:58 UTC,14,Trey,McBride,ARI,TE,32375579-7bd4-4ec5-b41d-723d304a0455,12,The Big Board
2026-02-14 16:24:41 UTC,101,Xavier,Worthy,KC,WR,1b44b6dd-a60c-46a7-bd6b-efe586781281,12,The Big Board
2026-01-28 02:29:23 UTC,237,Jaydon,Blue,DAL,RB,4da04a55-fc41-49d5-b1f6-264952312951,12,The Little Board
2026-02-01 15:13:50 UTC,204,Kyle,Williams,NE,WR,abdf40e5-c953-47c5-a591-caad8c73c15f,12,The Big Board
2026-02-16 14:03:49 UTC,239,Tua,Tagovailoa,ATL,QB,e35100ff-ee04-4a89-99bf-095afab7596e,12,The Big Board
2026-02-10 13:39:48 UTC,47,Terry,McLaurin,WAS,WR,5b421b54-09ce-4937-b698-2eb04bbb7794,12,The Big Board
2026-02-06 00:25:01 UTC,138,KC,Concepcion,,WR,1e69c7ce-fc8a-4382-848e-7dcbe2d97338,12,The Little Board
2026-02-14 16:27:50 UTC,125,Sam,Darnold,SEA,QB,1b44b6dd-a60c-46a7-bd6b-efe586781281,12,The Big Board
2026-02-06 21:16:30 UTC,42,Travis,Etienne Jr.,NO,RB,2eae6225-281e-4a4f-909a-94f558bfabb5,12,The Little Board
2026-02-06 19:41:04 UTC,205,Demond,Claiborne,,RB,63978a63-f6b8-4f72-a7aa-a18ed0860d5a,12,The Little Board
2026-02-01 14:47:42 UTC,13,Omarion,Hampton,LAC,RB,abdf40e5-c953-47c5-a591-caad8c73c15f,12,The Big Board
2026-02-23 16:46:40 UTC,122,Dallas,Goedert,PHI,TE,8849c630-a7e3-4915-8c8b-45d643234abe,12,The Big Board
2026-02-11 13:53:07 UTC,155,Zach,Charbonnet,SEA,RB,32375579-7bd4-4ec5-b41d-723d304a0455,12,The Big Board
2026-02-23 18:25:37 UTC,45,Davante,Adams,LAR,WR,f132d553-4288-4507-a3b6-d37a3cf5b40d,12,The Big Board
2026-02-10 13:56:01 UTC,146,Pat,Bryant,DEN,WR,5b421b54-09ce-4937-b698-2eb04bbb7794,12,The Big Board
2026-03-15 14:18:30 UTC,219,Ja'Kobi,Lane,,WR,21bba02d-1cca-475a-9456-bb51848ae111,12,The Big Board
2026-02-08 20:14:21 UTC,50,Jaylen,Waddle,MIA,WR,1cd26502-3b14-4692-b21c-544829de3fae,12,The Little Board
2026-03-02 13:01:36 UTC,181,Kimani,Vidal,LAC,RB,2c0556f8-82a4-4473-8b22-5545a5bcbdc7,12,The Big Board
2026-03-02 13:05:29 UTC,205,Mason,Taylor,NYJ,TE,2c0556f8-82a4-4473-8b22-5545a5bcbdc7,12,The Big Board
2026-02-08 21:45:00 UTC,172,J.J.,McCarthy,MIN,QB,88e01cdd-c332-4f73-b30f-b3991f7818a0,12,The Big Board
2026-02-01 15:10:49 UTC,181,David,Njoku,,TE,abdf40e5-c953-47c5-a591-caad8c73c15f,12,The Big Board
2026-03-09 15:38:15 UTC,40,DeVonta,Smith,PHI,WR,7bfc3134-6aca-4dca-81b2-c939b2818ddf,12,The Big Board
2026-02-16 17:16:19 UTC,83,Trevor,Lawrence,JAX,QB,e4433537-a733-4832-925e-bdfba6fa6ebb,12,The Big Board
2026-02-01 15:13:52 UTC,205,Marvin,Mims Jr.,DEN,WR,abdf40e5-c953-47c5-a591-caad8c73c15f,12,The Big Board
2026-02-16 13:49:29 UTC,122,Brenton,Strange,JAX,TE,e35100ff-ee04-4a89-99bf-095afab7596e,12,The Big Board
2026-02-11 13:36:24 UTC,35,Tetairoa,McMillan,CAR,WR,32375579-7bd4-4ec5-b41d-723d304a0455,12,The Big Board
2026-02-06 21:20:34 UTC,66,Jordyn,Tyson,,WR,2eae6225-281e-4a4f-909a-94f558bfabb5,12,The Little Board
2026-02-08 20:11:20 UTC,26,Bucky,Irving,TB,RB,1cd26502-3b14-4692-b21c-544829de3fae,12,The Little Board
2026-02-11 13:57:38 UTC,182,Jacoby,Brissett,ARI,QB,32375579-7bd4-4ec5-b41d-723d304a0455,12,The Big Board
2026-02-08 21:40:27 UTC,117,Jauan,Jennings,,WR,88e01cdd-c332-4f73-b30f-b3991f7818a0,12,The Big Board
2026-03-02 12:58:09 UTC,157,Sean,Tucker,TB,RB,2c0556f8-82a4-4473-8b22-5545a5bcbdc7,12,The Big Board
2026-02-06 21:34:49 UTC,151,Pat,Bryant,DEN,WR,2eae6225-281e-4a4f-909a-94f558bfabb5,12,The Little Board
2026-02-16 17:08:09 UTC,35,Travis,Etienne Jr.,NO,RB,e4433537-a733-4832-925e-bdfba6fa6ebb,12,The Big Board
2026-03-13 17:16:58 UTC,155,Jonathon,Brooks,CAR,RB,2d606bcc-0db2-40f8-852f-5f84af9a399d,12,The Big Board
2026-02-06 19:28:43 UTC,132,Jake,Ferguson,DAL,TE,63978a63-f6b8-4f72-a7aa-a18ed0860d5a,12,The Little Board
2026-01-26 13:31:56 UTC,232,Ray,Davis,BUF,RB,9f40af1c-5ecf-4bb4-b4d1-aad58e2e2368,12,The Little Board
2026-03-09 12:52:16 UTC,154,Alvin,Kamara,NO,RB,6f0afb37-d8dd-4fe5-85d4-e9a567c918f7,12,The Big Board
2026-01-30 20:42:34 UTC,25,Bucky,Irving,TB,RB,34f26df5-9e11-406c-a4b0-337487cd2bfd,12,The Little Board
2026-03-16 13:20:06 UTC,39,Bucky,Irving,TB,RB,c7df1ed1-1688-4221-9803-06e260e6cd7d,12,The Big Board
2026-02-06 21:46:59 UTC,234,Darius,Slayton,NYG,WR,2eae6225-281e-4a4f-909a-94f558bfabb5,12,The Little Board
2026-02-23 16:28:18 UTC,2,Jahmyr,Gibbs,DET,RB,8849c630-a7e3-4915-8c8b-45d643234abe,12,The Big Board
2026-02-08 20:14:09 UTC,47,Terry,McLaurin,WAS,WR,1cd26502-3b14-4692-b21c-544829de3fae,12,The Little Board
2026-02-02 09:59:32 UTC,103,Michael,Pittman Jr.,PIT,WR,1e69c7ce-fc8a-4382-848e-7dcbe2d97338,12,The Little Board
2026-02-13 14:43:45 UTC,22,Derrick,Henry,BAL,RB,8790161f-c8c2-4765-85f5-347a01b4a316,12,The Big Board
2026-02-27 01:32:39 UTC,240,Mike,Gesicki,CIN,TE,34f26df5-9e11-406c-a4b0-337487cd2bfd,12,The Little Board
2026-02-11 03:11:00 UTC,199,Isaac,TeSlaa,DET,WR,1e69c7ce-fc8a-4382-848e-7dcbe2d97338,12,The Little Board
2026-03-09 16:03:36 UTC,184,Tre,Tucker,LV,WR,7bfc3134-6aca-4dca-81b2-c939b2818ddf,12,The Big Board
2026-03-15 13:52:51 UTC,46,Colston,Loveland,CHI,TE,21bba02d-1cca-475a-9456-bb51848ae111,12,The Big Board
2026-02-01 14:51:01 UTC,37,Ladd,McConkey,LAC,WR,abdf40e5-c953-47c5-a591-caad8c73c15f,12,The Big Board
2026-02-11 14:01:35 UTC,206,Keaton,Mitchell,LAC,RB,32375579-7bd4-4ec5-b41d-723d304a0455,12,The Big Board
2026-02-08 21:46:21 UTC,189,Tory,Horton,SEA,WR,88e01cdd-c332-4f73-b30f-b3991f7818a0,12,The Big Board
2026-02-23 16:53:52 UTC,170,Tank,Dell,HOU,WR,8849c630-a7e3-4915-8c8b-45d643234abe,12,The Big Board
2026-02-14 02:29:38 UTC,144,James,Conner,ARI,RB,34f26df5-9e11-406c-a4b0-337487cd2bfd,12,The Little Board
2026-02-10 14:11:37 UTC,239,Marcus,Mariota,WAS,QB,5b421b54-09ce-4937-b698-2eb04bbb7794,12,The Big Board
2026-03-15 14:21:10 UTC,238,Calvin,Austin III,NYG,WR,21bba02d-1cca-475a-9456-bb51848ae111,12,The Big Board
2026-02-10 14:06:55 UTC,215,Brashard,Smith,KC,RB,5b421b54-09ce-4937-b698-2eb04bbb7794,12,The Big Board
2026-02-21 19:43:56 UTC,208,Ryan,Flournoy,DAL,WR,7018265f-5a8e-4105-b5d5-defcce8f6afa,12,The Big Board
2026-02-18 13:03:59 UTC,116,Chris,Godwin,TB,WR,c1c3cde2-10c0-40ce-9e2f-09408f6d320f,12,The Big Board
2026-02-18 12:54:23 UTC,44,Lamar,Jackson,BAL,QB,c1c3cde2-10c0-40ce-9e2f-09408f6d320f,12,The Big Board
2026-02-18 13:11:46 UTC,173,Kayshon,Boutte,NE,WR,c1c3cde2-10c0-40ce-9e2f-09408f6d320f,12,The Big Board
2026-02-16 13:45:33 UTC,95,D.J.,Moore,BUF,WR,e35100ff-ee04-4a89-99bf-095afab7596e,12,The Big Board
2026-02-10 13:43:32 UTC,71,Courtland,Sutton,DEN,WR,5b421b54-09ce-4937-b698-2eb04bbb7794,12,The Big Board
2026-03-09 12:57:46 UTC,183,Troy,Franklin,DEN,WR,6f0afb37-d8dd-4fe5-85d4-e9a567c918f7,12,The Big Board
2026-02-21 10:27:33 UTC,192,Terrance,Ferguson,LAR,TE,34f26df5-9e11-406c-a4b0-337487cd2bfd,12,The Little Board
2026-02-10 13:47:34 UTC,95,Bo,Nix,DEN,QB,5b421b54-09ce-4937-b698-2eb04bbb7794,12,The Big Board
2026-02-16 17:24:47 UTC,134,Jayden,Higgins,HOU,WR,e4433537-a733-4832-925e-bdfba6fa6ebb,12,The Big Board
2026-02-14 16:39:41 UTC,221,Eli,Stowers,,TE,1b44b6dd-a60c-46a7-bd6b-efe586781281,12,The Big Board
2026-02-23 16:42:43 UTC,95,Blake,Corum,LAR,RB,8849c630-a7e3-4915-8c8b-45d643234abe,12,The Big Board
2026-02-06 21:43:54 UTC,210,Marvin,Mims Jr.,DEN,WR,2eae6225-281e-4a4f-909a-94f558bfabb5,12,The Little Board
2026-02-13 15:11:53 UTC,214,Ja'Kobi,Lane,,WR,8790161f-c8c2-4765-85f5-347a01b4a316,12,The Big Board
2026-02-16 13:38:57 UTC,47,Jaylen,Waddle,MIA,WR,e35100ff-ee04-4a89-99bf-095afab7596e,12,The Big Board
2026-02-08 20:29:51 UTC,191,Colby,Parkinson,LAR,TE,1cd26502-3b14-4692-b21c-544829de3fae,12,The Little Board
2026-01-28 02:20:52 UTC,189,T.J.,Hockenson,MIN,TE,4da04a55-fc41-49d5-b1f6-264952312951,12,The Little Board
2026-01-26 13:28:52 UTC,208,Tre',Harris,LAC,WR,9f40af1c-5ecf-4bb4-b4d1-aad58e2e2368,12,The Little Board
2026-02-01 15:04:24 UTC,133,Brandon,Aiyuk,SF,WR,abdf40e5-c953-47c5-a591-caad8c73c15f,12,The Big Board
2026-02-06 21:39:53 UTC,186,David,Njoku,,TE,2eae6225-281e-4a4f-909a-94f558bfabb5,12,The Little Board
2026-02-01 14:58:11 UTC,85,Oronde,Gadsden,LAC,TE,abdf40e5-c953-47c5-a591-caad8c73c15f,12,The Big Board
2026-03-13 17:01:02 UTC,59,Carnell,Tate,,WR,2d606bcc-0db2-40f8-852f-5f84af9a399d,12,The Big Board
2026-03-09 13:02:12 UTC,207,Najee,Harris,,RB,6f0afb37-d8dd-4fe5-85d4-e9a567c918f7,12,The Big Board
2026-01-28 01:57:31 UTC,52,Zay,Flowers,BAL,WR,4da04a55-fc41-49d5-b1f6-264952312951,12,The Little Board
2026-02-17 15:49:33 UTC,169,AJ,Barner,SEA,TE,34f26df5-9e11-406c-a4b0-337487cd2bfd,12,The Little Board
2026-03-09 15:37:34 UTC,33,Tee,Higgins,CIN,WR,7bfc3134-6aca-4dca-81b2-c939b2818ddf,12,The Big Board
2026-03-16 13:36:50 UTC,135,Kenyon,Sadiq,,TE,c7df1ed1-1688-4221-9803-06e260e6cd7d,12,The Big Board
2026-02-16 17:20:21 UTC,107,Jared,Goff,DET,QB,e4433537-a733-4832-925e-bdfba6fa6ebb,12,The Big Board
2026-02-23 18:22:01 UTC,21,Nico,Collins,HOU,WR,f132d553-4288-4507-a3b6-d37a3cf5b40d,12,The Big Board
2026-02-06 19:35:49 UTC,180,Tank,Dell,HOU,WR,63978a63-f6b8-4f72-a7aa-a18ed0860d5a,12,The Little Board
2026-02-09 17:39:08 UTC,186,Tre',Harris,LAC,WR,1e69c7ce-fc8a-4382-848e-7dcbe2d97338,12,The Little Board
2026-03-15 13:50:17 UTC,27,Nico,Collins,HOU,WR,21bba02d-1cca-475a-9456-bb51848ae111,12,The Big Board
2026-02-21 19:34:40 UTC,136,Trey,Benson,ARI,RB,7018265f-5a8e-4105-b5d5-defcce8f6afa,12,The Big Board
2026-01-26 12:59:36 UTC,16,Ashton,Jeanty,LV,RB,9f40af1c-5ecf-4bb4-b4d1-aad58e2e2368,12,The Little Board
2026-02-14 16:26:52 UTC,116,Woody,Marks,HOU,RB,1b44b6dd-a60c-46a7-bd6b-efe586781281,12,The Big Board
2026-03-16 13:40:53 UTC,154,Isaiah,Likely,NYG,TE,c7df1ed1-1688-4221-9803-06e260e6cd7d,12,The Big Board
2026-02-10 13:59:46 UTC,167,Jalen,McMillan,TB,WR,5b421b54-09ce-4937-b698-2eb04bbb7794,12,The Big Board
2026-02-18 13:19:16 UTC,236,Rashod,Bateman,BAL,WR,c1c3cde2-10c0-40ce-9e2f-09408f6d320f,12,The Big Board
2026-02-16 14:00:58 UTC,215,Malik,Washington,MIA,WR,e35100ff-ee04-4a89-99bf-095afab7596e,12,The Big Board
2026-02-01 14:58:02 UTC,84,Stefon,Diggs,,WR,abdf40e5-c953-47c5-a591-caad8c73c15f,12,The Big Board
2026-02-23 16:53:18 UTC,167,Aaron,Jones,MIN,RB,8849c630-a7e3-4915-8c8b-45d643234abe,12,The Big Board
2026-02-06 21:12:39 UTC,18,Malik,Nabers,NYG,WR,2eae6225-281e-4a4f-909a-94f558bfabb5,12,The Little Board
2026-02-18 13:16:19 UTC,212,Eli,Stowers,,TE,c1c3cde2-10c0-40ce-9e2f-09408f6d320f,12,The Big Board
2026-01-28 02:10:20 UTC,124,Jordan,Addison,MIN,WR,4da04a55-fc41-49d5-b1f6-264952312951,12,The Little Board
2026-02-18 12:55:51 UTC,53,TreVeyon,Henderson,NE,RB,c1c3cde2-10c0-40ce-9e2f-09408f6d320f,12,The Big Board
2026-02-06 21:10:36 UTC,7,Jonathan,Taylor,IND,RB,2eae6225-281e-4a4f-909a-94f558bfabb5,12,The Little Board
2026-02-16 13:35:41 UTC,23,Chase,Brown,CIN,RB,e35100ff-ee04-4a89-99bf-095afab7596e,12,The Big Board
2026-01-26 13:18:24 UTC,136,Rashid,Shaheed,SEA,WR,9f40af1c-5ecf-4bb4-b4d1-aad58e2e2368,12,The Little Board
2026-01-26 13:07:42 UTC,64,Tyler,Warren,IND,TE,9f40af1c-5ecf-4bb4-b4d1-aad58e2e2368,12,The Little Board
2026-02-06 21:24:21 UTC,90,Tucker,Kraft,GB,TE,2eae6225-281e-4a4f-909a-94f558bfabb5,12,The Little Board
2026-02-06 19:32:40 UTC,157,Tyjae,Spears,TEN,RB,63978a63-f6b8-4f72-a7aa-a18ed0860d5a,12,The Little Board
2026-02-13 13:00:21 UTC,223,Jaydon,Blue,DAL,RB,1e69c7ce-fc8a-4382-848e-7dcbe2d97338,12,The Little Board
2026-02-21 19:33:40 UTC,129,Kenneth,Gainwell,TB,RB,7018265f-5a8e-4105-b5d5-defcce8f6afa,12,The Big Board
2026-02-21 19:30:10 UTC,105,Rico,Dowdle,PIT,RB,7018265f-5a8e-4105-b5d5-defcce8f6afa,12,The Big Board
2026-02-06 21:45:21 UTC,223,Adam,Randall,,RB,2eae6225-281e-4a4f-909a-94f558bfabb5,12,The Little Board
2026-02-14 16:16:58 UTC,44,Zay,Flowers,BAL,WR,1b44b6dd-a60c-46a7-bd6b-efe586781281,12,The Big Board
2026-03-09 15:58:57 UTC,160,Kimani,Vidal,LAC,RB,7bfc3134-6aca-4dca-81b2-c939b2818ddf,12,The Big Board
2026-03-13 17:28:24 UTC,227,Demond,Claiborne,,RB,2d606bcc-0db2-40f8-852f-5f84af9a399d,12,The Big Board
2026-02-06 19:16:24 UTC,61,Brian,Thomas,JAX,WR,63978a63-f6b8-4f72-a7aa-a18ed0860d5a,12,The Little Board
2026-03-16 13:15:35 UTC,15,James,Cook,BUF,RB,c7df1ed1-1688-4221-9803-06e260e6cd7d,12,The Big Board
2026-02-06 19:45:08 UTC,229,Jaylin,Noel,HOU,WR,63978a63-f6b8-4f72-a7aa-a18ed0860d5a,12,The Little Board
2026-02-23 18:29:27 UTC,69,Drake,Maye,NE,QB,f132d553-4288-4507-a3b6-d37a3cf5b40d,12,The Big Board
2026-02-08 20:35:14 UTC,239,Germie,Bernard,,WR,1cd26502-3b14-4692-b21c-544829de3fae,12,The Little Board
2026-02-06 19:32:26 UTC,156,Pat,Bryant,DEN,WR,63978a63-f6b8-4f72-a7aa-a18ed0860d5a,12,The Little Board
2026-02-13 14:55:09 UTC,94,Chuba,Hubbard,CAR,RB,8790161f-c8c2-4765-85f5-347a01b4a316,12,The Big Board
2026-02-08 20:16:34 UTC,71,Mike,Evans,SF,WR,1cd26502-3b14-4692-b21c-544829de3fae,12,The Little Board
2026-02-14 12:47:37 UTC,234,Darius,Slayton,NYG,WR,1e69c7ce-fc8a-4382-848e-7dcbe2d97338,12,The Little Board
2026-02-08 15:52:52 UTC,175,Kaytron,Allen,,RB,1e69c7ce-fc8a-4382-848e-7dcbe2d97338,12,The Little Board
2026-03-09 12:56:44 UTC,178,David,Njoku,,TE,6f0afb37-d8dd-4fe5-85d4-e9a567c918f7,12,The Big Board
2026-02-10 13:44:09 UTC,74,Harold,Fannin,CLE,TE,5b421b54-09ce-4937-b698-2eb04bbb7794,12,The Big Board
2026-02-01 14:50:59 UTC,36,Tetairoa,McMillan,CAR,WR,abdf40e5-c953-47c5-a591-caad8c73c15f,12,The Big Board
2026-02-18 12:52:19 UTC,29,Tee,Higgins,CIN,WR,c1c3cde2-10c0-40ce-9e2f-09408f6d320f,12,The Big Board
2026-02-08 21:42:23 UTC,141,C.J.,Stroud,HOU,QB,88e01cdd-c332-4f73-b30f-b3991f7818a0,12,The Big Board
2026-01-26 13:31:07 UTC,225,David,Njoku,,TE,9f40af1c-5ecf-4bb4-b4d1-aad58e2e2368,12,The Little Board
2026-02-11 13:50:20 UTC,131,Bryce,Young,CAR,QB,32375579-7bd4-4ec5-b41d-723d304a0455,12,The Big Board
2026-02-11 13:47:30 UTC,110,Jalen,Coker,CAR,WR,32375579-7bd4-4ec5-b41d-723d304a0455,12,The Big Board
2026-02-23 17:00:21 UTC,218,Chris,Brazzell II,,WR,8849c630-a7e3-4915-8c8b-45d643234abe,12,The Big Board
2026-03-09 16:09:50 UTC,225,LeQuint,Allen,JAX,RB,7bfc3134-6aca-4dca-81b2-c939b2818ddf,12,The Big Board
2026-02-18 13:07:06 UTC,140,Woody,Marks,HOU,RB,c1c3cde2-10c0-40ce-9e2f-09408f6d320f,12,The Big Board
2026-03-09 12:33:04 UTC,34,Rashee,Rice,KC,WR,6f0afb37-d8dd-4fe5-85d4-e9a567c918f7,12,The Big Board
2026-02-04 23:26:46 UTC,73,Joe,Burrow,CIN,QB,34f26df5-9e11-406c-a4b0-337487cd2bfd,12,The Little Board
2026-02-06 21:36:40 UTC,162,Troy,Franklin,DEN,WR,2eae6225-281e-4a4f-909a-94f558bfabb5,12,The Little Board
2026-02-16 17:43:10 UTC,227,Pat,Freiermuth,PIT,TE,e4433537-a733-4832-925e-bdfba6fa6ebb,12,The Big Board
2026-02-23 16:38:35 UTC,71,Jalen,Hurts,PHI,QB,8849c630-a7e3-4915-8c8b-45d643234abe,12,The Big Board
2026-02-11 13:50:52 UTC,134,J.K.,Dobbins,DEN,RB,32375579-7bd4-4ec5-b41d-723d304a0455,12,The Big Board
2026-03-16 13:45:36 UTC,178,Chig,Okonkwo,WAS,TE,c7df1ed1-1688-4221-9803-06e260e6cd7d,12,The Big Board
2026-02-16 13:42:27 UTC,71,Parker,Washington,JAX,WR,e35100ff-ee04-4a89-99bf-095afab7596e,12,The Big Board
2026-02-08 21:31:46 UTC,28,Bucky,Irving,TB,RB,88e01cdd-c332-4f73-b30f-b3991f7818a0,12,The Big Board
2026-03-13 17:20:59 UTC,179,Chris,Rodriguez,JAX,RB,2d606bcc-0db2-40f8-852f-5f84af9a399d,12,The Big Board
2026-02-24 15:45:27 UTC,216,Aaron,Rodgers,PIT,QB,34f26df5-9e11-406c-a4b0-337487cd2bfd,12,The Little Board
2026-02-16 17:04:23 UTC,11,James,Cook,BUF,RB,e4433537-a733-4832-925e-bdfba6fa6ebb,12,The Big Board
2026-02-16 13:52:16 UTC,143,Travis,Hunter,JAX,WR,e35100ff-ee04-4a89-99bf-095afab7596e,12,The Big Board
2026-02-04 23:15:51 UTC,72,Mike,Evans,SF,WR,34f26df5-9e11-406c-a4b0-337487cd2bfd,12,The Little Board
2026-02-08 21:30:30 UTC,21,Nico,Collins,HOU,WR,88e01cdd-c332-4f73-b30f-b3991f7818a0,12,The Big Board
2026-03-02 12:47:39 UTC,85,Jakobi,Meyers,JAX,WR,2c0556f8-82a4-4473-8b22-5545a5bcbdc7,12,The Big Board
2026-02-06 21:42:25 UTC,199,Tank,Bigsby,PHI,RB,2eae6225-281e-4a4f-909a-94f558bfabb5,12,The Little Board
2026-01-26 13:06:58 UTC,57,Christian,Watson,GB,WR,9f40af1c-5ecf-4bb4-b4d1-aad58e2e2368,12,The Little Board
2026-01-28 01:53:52 UTC,28,Tetairoa,McMillan,CAR,WR,4da04a55-fc41-49d5-b1f6-264952312951,12,The Little Board
2026-02-14 16:38:40 UTC,212,Pat,Freiermuth,PIT,TE,1b44b6dd-a60c-46a7-bd6b-efe586781281,12,The Big Board
2026-02-01 15:01:21 UTC,109,Jonah,Coleman,,RB,abdf40e5-c953-47c5-a591-caad8c73c15f,12,The Big Board
2026-03-09 15:33:47 UTC,9,Amon-Ra,St. Brown,DET,WR,7bfc3134-6aca-4dca-81b2-c939b2818ddf,12,The Big Board
2026-02-06 22:28:21 UTC,151,Jordan,Mason,MIN,RB,1e69c7ce-fc8a-4382-848e-7dcbe2d97338,12,The Little Board
2026-02-16 17:08:28 UTC,38,Jameson,Williams,DET,WR,e4433537-a733-4832-925e-bdfba6fa6ebb,12,The Big Board
2026-02-23 18:46:02 UTC,189,T.J.,Hockenson,MIN,TE,f132d553-4288-4507-a3b6-d37a3cf5b40d,12,The Big Board
2026-02-01 14:54:58 UTC,61,Justin,Herbert,LAC,QB,abdf40e5-c953-47c5-a591-caad8c73c15f,12,The Big Board
2026-02-08 21:40:56 UTC,124,Emmett,Johnson,,RB,88e01cdd-c332-4f73-b30f-b3991f7818a0,12,The Big Board
2026-02-23 18:37:32 UTC,124,Jonah,Coleman,,RB,f132d553-4288-4507-a3b6-d37a3cf5b40d,12,The Big Board
2026-03-13 16:52:30 UTC,14,Drake,London,ATL,WR,2d606bcc-0db2-40f8-852f-5f84af9a399d,12,The Big Board
2026-03-02 13:09:09 UTC,229,Jordan,James,SF,RB,2c0556f8-82a4-4473-8b22-5545a5bcbdc7,12,The Big Board
2026-02-06 21:18:24 UTC,55,RJ,Harvey,DEN,RB,2eae6225-281e-4a4f-909a-94f558bfabb5,12,The Little Board
2026-02-23 16:43:16 UTC,98,Jadarian,Price,,RB,8849c630-a7e3-4915-8c8b-45d643234abe,12,The Big Board
2026-02-10 13:47:57 UTC,98,Jadarian,Price,,RB,5b421b54-09ce-4937-b698-2eb04bbb7794,12,The Big Board
2026-03-13 17:01:45 UTC,62,Caleb,Williams,CHI,QB,2d606bcc-0db2-40f8-852f-5f84af9a399d,12,The Big Board
2026-02-17 15:49:02 UTC,168,Jerry,Jeudy,CLE,WR,34f26df5-9e11-406c-a4b0-337487cd2bfd,12,The Little Board
2026-03-02 12:54:45 UTC,133,Kyler,Murray,MIN,QB,2c0556f8-82a4-4473-8b22-5545a5bcbdc7,12,The Big Board
2026-02-16 13:58:04 UTC,191,Terrance,Ferguson,LAR,TE,e35100ff-ee04-4a89-99bf-095afab7596e,12,The Big Board
2026-02-23 18:30:13 UTC,76,Matthew,Stafford,LAR,QB,f132d553-4288-4507-a3b6-d37a3cf5b40d,12,The Big Board
2026-03-13 17:08:56 UTC,107,J.K.,Dobbins,DEN,RB,2d606bcc-0db2-40f8-852f-5f84af9a399d,12,The Big Board
2026-02-23 18:49:48 UTC,220,Demond,Claiborne,,RB,f132d553-4288-4507-a3b6-d37a3cf5b40d,12,The Big Board
2026-03-15 14:10:59 UTC,171,Dalton,Schultz,HOU,TE,21bba02d-1cca-475a-9456-bb51848ae111,12,The Big Board
2026-03-02 12:51:08 UTC,108,Jordan,Love,GB,QB,2c0556f8-82a4-4473-8b22-5545a5bcbdc7,12,The Big Board
2026-02-10 13:32:45 UTC,2,Jahmyr,Gibbs,DET,RB,5b421b54-09ce-4937-b698-2eb04bbb7794,12,The Big Board
2026-02-23 16:59:49 UTC,215,Ray,Davis,BUF,RB,8849c630-a7e3-4915-8c8b-45d643234abe,12,The Big Board
2026-02-24 15:45:30 UTC,217,Pat,Freiermuth,PIT,TE,34f26df5-9e11-406c-a4b0-337487cd2bfd,12,The Little Board
2026-02-21 19:39:48 UTC,177,Zach,Charbonnet,SEA,RB,7018265f-5a8e-4105-b5d5-defcce8f6afa,12,The Big Board
2026-01-26 23:31:16 UTC,18,Malik,Nabers,NYG,WR,1e69c7ce-fc8a-4382-848e-7dcbe2d97338,12,The Little Board
2026-02-06 21:38:24 UTC,175,AJ,Barner,SEA,TE,2eae6225-281e-4a4f-909a-94f558bfabb5,12,The Little Board
2026-03-02 12:43:20 UTC,61,Drake,Maye,NE,QB,2c0556f8-82a4-4473-8b22-5545a5bcbdc7,12,The Big Board
2026-02-16 17:28:47 UTC,155,Cam,Ward,TEN,QB,e4433537-a733-4832-925e-bdfba6fa6ebb,12,The Big Board
2026-02-14 16:18:05 UTC,53,Rome,Odunze,CHI,WR,1b44b6dd-a60c-46a7-bd6b-efe586781281,12,The Big Board
2026-02-08 20:22:31 UTC,122,Jonah,Coleman,,RB,1cd26502-3b14-4692-b21c-544829de3fae,12,The Little Board
2026-02-13 15:05:33 UTC,166,Kaytron,Allen,,RB,8790161f-c8c2-4765-85f5-347a01b4a316,12,The Big Board
2026-03-09 12:38:00 UTC,63,Mike,Evans,SF,WR,6f0afb37-d8dd-4fe5-85d4-e9a567c918f7,12,The Big Board
2026-03-15 14:03:19 UTC,118,Jonah,Coleman,,RB,21bba02d-1cca-475a-9456-bb51848ae111,12,The Big Board
2026-03-13 17:13:45 UTC,134,Tua,Tagovailoa,ATL,QB,2d606bcc-0db2-40f8-852f-5f84af9a399d,12,The Big Board
2026-03-13 17:25:03 UTC,203,Brian,Robinson,,RB,2d606bcc-0db2-40f8-852f-5f84af9a399d,12,The Big Board
2026-02-18 12:58:53 UTC,77,Harold,Fannin,CLE,TE,c1c3cde2-10c0-40ce-9e2f-09408f6d320f,12,The Big Board
2026-03-09 12:30:10 UTC,15,Ashton,Jeanty,LV,RB,6f0afb37-d8dd-4fe5-85d4-e9a567c918f7,12,The Big Board
2026-02-16 13:48:57 UTC,119,KC,Concepcion,,WR,e35100ff-ee04-4a89-99bf-095afab7596e,12,The Big Board
2026-02-08 14:08:39 UTC,97,Baker,Mayfield,TB,QB,34f26df5-9e11-406c-a4b0-337487cd2bfd,12,The Little Board
2026-03-13 17:05:55 UTC,86,Jaxson,Dart,NYG,QB,2d606bcc-0db2-40f8-852f-5f84af9a399d,12,The Big Board
2026-02-23 18:26:35 UTC,52,Makai,Lemon,,WR,f132d553-4288-4507-a3b6-d37a3cf5b40d,12,The Big Board
2026-02-23 18:52:42 UTC,237,Najee,Harris,,RB,f132d553-4288-4507-a3b6-d37a3cf5b40d,12,The Big Board
2026-02-01 14:54:50 UTC,60,Drake,Maye,NE,QB,abdf40e5-c953-47c5-a591-caad8c73c15f,12,The Big Board
2026-03-09 15:42:28 UTC,64,Joe,Burrow,CIN,QB,7bfc3134-6aca-4dca-81b2-c939b2818ddf,12,The Big Board
2026-02-10 14:07:24 UTC,218,Eli,Stowers,,TE,5b421b54-09ce-4937-b698-2eb04bbb7794,12,The Big Board
2026-02-08 20:32:49 UTC,218,Najee,Harris,,RB,1cd26502-3b14-4692-b21c-544829de3fae,12,The Little Board
2026-03-09 12:40:44 UTC,82,Harold,Fannin,CLE,TE,6f0afb37-d8dd-4fe5-85d4-e9a567c918f7,12,The Big Board
2026-02-14 16:11:44 UTC,5,Jaxon,Smith-Njigba,SEA,WR,1b44b6dd-a60c-46a7-bd6b-efe586781281,12,The Big Board
2026-03-15 14:10:19 UTC,166,Keaton,Mitchell,LAC,RB,21bba02d-1cca-475a-9456-bb51848ae111,12,The Big Board
2026-02-14 16:35:48 UTC,188,Isaiah,Likely,NYG,TE,1b44b6dd-a60c-46a7-bd6b-efe586781281,12,The Big Board
2026-02-10 14:00:06 UTC,170,Mark,Andrews,BAL,TE,5b421b54-09ce-4937-b698-2eb04bbb7794,12,The Big Board
2026-02-18 13:02:09 UTC,101,Tyler,Allgeier,ARI,RB,c1c3cde2-10c0-40ce-9e2f-09408f6d320f,12,The Big Board
2026-01-26 13:02:53 UTC,33,Bucky,Irving,TB,RB,9f40af1c-5ecf-4bb4-b4d1-aad58e2e2368,12,The Little Board
2026-02-21 19:15:48 UTC,9,CeeDee,Lamb,DAL,WR,7018265f-5a8e-4105-b5d5-defcce8f6afa,12,The Big Board
2026-03-09 15:41:55 UTC,57,Jaylen,Waddle,MIA,WR,7bfc3134-6aca-4dca-81b2-c939b2818ddf,12,The Big Board
2026-02-06 19:28:46 UTC,133,Kenneth,Gainwell,TB,RB,63978a63-f6b8-4f72-a7aa-a18ed0860d5a,12,The Little Board
2026-02-14 16:36:42 UTC,197,Aaron,Rodgers,PIT,QB,1b44b6dd-a60c-46a7-bd6b-efe586781281,12,The Big Board
2026-02-13 14:59:30 UTC,123,James,Conner,ARI,RB,8790161f-c8c2-4765-85f5-347a01b4a316,12,The Big Board
2026-03-02 12:58:06 UTC,156,Jonathon,Brooks,CAR,RB,2c0556f8-82a4-4473-8b22-5545a5bcbdc7,12,The Big Board
2026-02-21 19:43:06 UTC,201,Emanuel,Wilson,SEA,RB,7018265f-5a8e-4105-b5d5-defcce8f6afa,12,The Big Board
2026-02-11 13:40:02 UTC,59,Jordyn,Tyson,,WR,32375579-7bd4-4ec5-b41d-723d304a0455,12,The Big Board
2026-03-16 13:27:26 UTC,82,Jakobi,Meyers,JAX,WR,c7df1ed1-1688-4221-9803-06e260e6cd7d,12,The Big Board
2026-03-16 13:36:06 UTC,130,Khalil,Shakir,BUF,WR,c7df1ed1-1688-4221-9803-06e260e6cd7d,12,The Big Board
2026-02-21 19:22:44 UTC,57,Jaylen,Waddle,MIA,WR,7018265f-5a8e-4105-b5d5-defcce8f6afa,12,The Big Board
2026-03-09 15:49:51 UTC,105,Jared,Goff,DET,QB,7bfc3134-6aca-4dca-81b2-c939b2818ddf,12,The Big Board
2026-02-11 02:43:04 UTC,121,Jayden,Reed,GB,WR,34f26df5-9e11-406c-a4b0-337487cd2bfd,12,The Little Board
2026-02-10 14:03:28 UTC,194,Keaton,Mitchell,LAC,RB,5b421b54-09ce-4937-b698-2eb04bbb7794,12,The Big Board
2026-03-16 13:23:19 UTC,58,Brian,Thomas,JAX,WR,c7df1ed1-1688-4221-9803-06e260e6cd7d,12,The Big Board
2026-02-16 17:11:58 UTC,62,DK,Metcalf,PIT,WR,e4433537-a733-4832-925e-bdfba6fa6ebb,12,The Big Board
2026-03-16 13:27:51 UTC,87,Trevor,Lawrence,JAX,QB,c7df1ed1-1688-4221-9803-06e260e6cd7d,12,The Big Board
2026-02-06 19:24:45 UTC,108,Bo,Nix,DEN,QB,63978a63-f6b8-4f72-a7aa-a18ed0860d5a,12,The Little Board
2026-01-26 13:14:03 UTC,105,Jayden,Reed,GB,WR,9f40af1c-5ecf-4bb4-b4d1-aad58e2e2368,12,The Little Board
2026-02-13 14:44:25 UTC,27,Rashee,Rice,KC,WR,8790161f-c8c2-4765-85f5-347a01b4a316,12,The Big Board
2026-02-16 17:11:41 UTC,59,Marvin,Harrison,ARI,WR,e4433537-a733-4832-925e-bdfba6fa6ebb,12,The Big Board
2026-02-08 21:48:31 UTC,220,Eli,Stowers,,TE,88e01cdd-c332-4f73-b30f-b3991f7818a0,12,The Big Board
2026-02-10 13:36:07 UTC,26,Chris,Olave,NO,WR,5b421b54-09ce-4937-b698-2eb04bbb7794,12,The Big Board
2026-03-16 13:54:39 UTC,231,Elic,Ayomanor,TEN,WR,c7df1ed1-1688-4221-9803-06e260e6cd7d,12,The Big Board
2026-02-06 21:28:13 UTC,114,Denzel,Boston,,WR,2eae6225-281e-4a4f-909a-94f558bfabb5,12,The Little Board
2026-02-13 14:47:38 UTC,46,Christian,Watson,GB,WR,8790161f-c8c2-4765-85f5-347a01b4a316,12,The Big Board
2026-02-08 20:25:14 UTC,146,Trey,Benson,ARI,RB,1cd26502-3b14-4692-b21c-544829de3fae,12,The Little Board
2026-01-28 01:52:56 UTC,21,Jeremiyah,Love,,RB,4da04a55-fc41-49d5-b1f6-264952312951,12,The Little Board
2026-03-15 14:13:47 UTC,190,Brian,Robinson,,RB,21bba02d-1cca-475a-9456-bb51848ae111,12,The Big Board
2026-02-12 18:25:30 UTC,210,Gunnar,Helm,TEN,TE,1e69c7ce-fc8a-4382-848e-7dcbe2d97338,12,The Little Board
2026-03-02 12:39:01 UTC,36,Rashee,Rice,KC,WR,2c0556f8-82a4-4473-8b22-5545a5bcbdc7,12,The Big Board
2026-03-15 13:49:42 UTC,22,Malik,Nabers,NYG,WR,21bba02d-1cca-475a-9456-bb51848ae111,12,The Big Board
2026-03-02 12:35:18 UTC,12,James,Cook,BUF,RB,2c0556f8-82a4-4473-8b22-5545a5bcbdc7,12,The Big Board
2026-02-11 14:05:29 UTC,230,Chig,Okonkwo,WAS,TE,32375579-7bd4-4ec5-b41d-723d304a0455,12,The Big Board
2026-02-16 17:04:47 UTC,14,Omarion,Hampton,LAC,RB,e4433537-a733-4832-925e-bdfba6fa6ebb,12,The Big Board
2026-02-16 17:43:21 UTC,230,Michael,Trigg,,TE,e4433537-a733-4832-925e-bdfba6fa6ebb,12,The Big Board
2026-03-16 13:49:58 UTC,202,Aaron,Rodgers,PIT,QB,c7df1ed1-1688-4221-9803-06e260e6cd7d,12,The Big Board
2026-03-09 15:46:23 UTC,88,Kyle,Monangai,CHI,RB,7bfc3134-6aca-4dca-81b2-c939b2818ddf,12,The Big Board
2026-02-23 18:18:44 UTC,4,Puka,Nacua,LAR,WR,f132d553-4288-4507-a3b6-d37a3cf5b40d,12,The Big Board
2026-03-16 13:50:45 UTC,207,Ryan,Flournoy,DAL,WR,c7df1ed1-1688-4221-9803-06e260e6cd7d,12,The Big Board
2026-03-09 16:07:04 UTC,208,Ja'Kobi,Lane,,WR,7bfc3134-6aca-4dca-81b2-c939b2818ddf,12,The Big Board
2026-03-09 15:45:16 UTC,81,Jaylen,Warren,PIT,RB,7bfc3134-6aca-4dca-81b2-c939b2818ddf,12,The Big Board
2026-02-10 13:40:15 UTC,50,Emeka,Egbuka,TB,WR,5b421b54-09ce-4937-b698-2eb04bbb7794,12,The Big Board
2026-03-09 15:53:44 UTC,129,Jonah,Coleman,,RB,7bfc3134-6aca-4dca-81b2-c939b2818ddf,12,The Big Board
2026-03-15 14:00:39 UTC,99,Michael,Pittman Jr.,PIT,WR,21bba02d-1cca-475a-9456-bb51848ae111,12,The Big Board
2026-02-06 21:32:17 UTC,138,James,Conner,ARI,RB,2eae6225-281e-4a4f-909a-94f558bfabb5,12,The Little Board
2026-02-11 14:00:59 UTC,203,Keon,Coleman,BUF,WR,32375579-7bd4-4ec5-b41d-723d304a0455,12,The Big Board
2026-02-08 20:22:10 UTC,119,Chris,Godwin,TB,WR,1cd26502-3b14-4692-b21c-544829de3fae,12,The Little Board