"id","firstName","lastName","adp","projectedPoints","positionRank","slotName","teamName","lineupStatus","byeWeek","tier","tierNum"
"c983ef21-e50f-42a8-b7b1-eb75b071a74f","Josh","Allen","1","372.0","QB1","QB","Buffalo Bills","","","",""
"986f5827-6ed9-4992-9c64-df54cc33c2b2","Jayden","Daniels","2","334.2","QB2","QB","Washington Commanders","","","",""
"96b8e2a1-4f67-4f4f-807f-861566d4461c","Jalen","Hurts","3","333.2","QB3","QB","Philadelphia Eagles","","","",""
"9dd90ca5-f85f-4823-863c-f5fc1719835c","Lamar","Jackson","4","332.8","QB4","QB","Baltimore Ravens","","","",""
"e1bb7729-b87e-4abc-9743-f469d20839bd","Drake","Maye","5","327.0","QB5","QB","New England Patriots","","","",""
"5daf3960-25f3-402a-800a-41f8ae4c38b5","Jahmyr","Gibbs","6","327.0","RB1","RB","Detroit Lions","","","",""
"a732f00b-cb01-4c0d-8b64-6d8b605bf45f","Brock","Purdy","7","317.8","QB6","QB","San Francisco 49ers","","","",""
"22bb912e-3c0d-498f-8ef9-86d332d90e1b","Christian","McCaffrey","8","317.7","RB2","RB","San Francisco 49ers","","","",""
"9b619115-cbc1-481f-869a-afb01b859710","Jaxson","Dart","9","316.1","QB7","QB","New York Giants","","","",""
"25cbfc55-cb8a-4589-85de-e91870f65952","Bijan","Robinson","10","313.9","RB3","RB","Atlanta Falcons","","","",""
"8a17ba41-08bf-455e-852c-e5f9776021af","Patrick","Mahomes","11","313.5","QB8","QB","Kansas City Chiefs","","","",""
"f5231907-10c2-4638-83c2-43ec8f3394c3","Joe","Burrow","12","311.0","QB9","QB","Cincinnati Bengals","","","",""
"2b64247d-26af-48b7-bcb9-20ae6c38caee","Trevor","Lawrence","13","305.6","QB10","QB","Jacksonville Jaguars","","","",""
"9b7b55a2-3b03-4e52-8928-eb34d7c82baa","Dak","Prescott","14","302.5","QB11","QB","Dallas Cowboys","","","",""
"2c318b1c-13a5-4722-a649-8d9c35a8f50e","Kyler","Murray","15","298.3","QB12","QB","Minnesota Vikings","","","",""
"be568056-c66d-40fb-8c19-3185c357ced5","Matthew","Stafford","16","297.5","QB13","QB","Los Angeles Rams","","","",""
"897642f1-74d8-4cf7-8a33-7fbcbd48d248","Bo","Nix","17","296.9","QB14","QB","Denver Broncos","","","",""
"a8f22078-bf09-44cc-882f-b151b0f5d18d","Tyler","Shough","18","292.5","QB15","QB","New Orleans Saints","","","",""
"c34627c5-0225-45a3-b729-c49827bf5a8e","Jonathan","Taylor","19","285.3","RB4","RB","Indianapolis Colts","","","",""
"be421b67-977b-4ab9-a9c8-282f1548706d","Justin","Herbert","20","283.0","QB16","QB","Los Angeles Chargers","","","",""
"cedb5dc7-eb8d-4928-bf85-aea13ee90967","Puka","Nacua","21","280.4","WR1","WR","Los Angeles Rams","","","",""
"f9b4b51b-3d0e-47b6-bbc4-d73ed3340f82","Daniel","Jones","22","280.2","QB17","QB","Indianapolis Colts","","","",""
"8b23a214-cb44-4db0-a1f2-10a1d6c9e8bf","Caleb","Williams","23","279.7","QB18","QB","Chicago Bears","","","",""
"1a21a150-0d38-4c37-a228-a81f61b16211","Jared","Goff","24","278.4","QB19","QB","Detroit Lions","","","",""
"2a053c32-61bf-40b3-95b7-3ab291a52d72","Baker","Mayfield","25","274.3","QB20","QB","Tampa Bay Buccaneers","","","",""
"e05bf051-69f3-4483-8ce3-20b365a19cac","Ja'Marr","Chase","26","270.8","WR2","WR","Cincinnati Bengals","","","",""
"1440721b-3ca6-406c-b87a-88e4ad494da5","Jordan","Love","27","270.2","QB21","QB","Green Bay Packers","","","",""
"e08333f4-72da-4d6b-8a4a-7258093eda3c","C.J.","Stroud","28","268.6","QB22","QB","Houston Texans","","","",""
"9eafc1c1-9dcf-40c6-a66c-10a04e720600","Derrick","Henry","29","268.2","RB5","RB","Baltimore Ravens","","","",""
"d2297be4-c288-4bc4-aad9-fd8e02646776","Malik","Willis","30","268.1","QB23","QB","Miami Dolphins","","","",""
"60d2284c-5727-4476-8eaa-fa734e0d9f01","James","Cook","31","266.4","RB6","RB","Buffalo Bills","","","",""
"ad8c9f6a-fee3-4edf-95a9-83208575555e","Jaxon","Smith-Njigba","32","262.6","WR3","WR","Seattle Seahawks","","","",""
"01714e65-49e3-4185-8e4a-6a7ae051d5bf","Josh","Jacobs","33","260.5","RB7","RB","Green Bay Packers","","","",""
"674152bc-219e-4a7e-88e1-0b7bab267127","Saquon","Barkley","34","259.5","RB8","RB","Philadelphia Eagles","","","",""
"da561afd-b293-4e29-8986-fe658247131d","Amon-Ra","St. Brown","35","259.0","WR4","WR","Detroit Lions","","","",""
"3ab31e43-ec23-46c5-b59d-b3850ad1ae3a","De'Von","Achane","36","257.6","RB9","RB","Miami Dolphins","","","",""
"233c11ab-0b40-42d2-9e1c-57b9df68969d","Sam","Darnold","37","257.4","QB24","QB","Seattle Seahawks","","","",""
"38b6b4a2-35c6-47c8-9f89-758091b3a630","Javonte","Williams","38","251.5","RB10","RB","Dallas Cowboys","","","",""
"15a3bde4-5f94-46b8-9b44-928336c230fd","Breece","Hall","39","249.4","RB11","RB","New York Jets","","","",""
"1f6e0b0d-f18a-41cd-8df6-18d49ef463c1","Rashee","Rice","40","248.4","WR5","WR","Kansas City Chiefs","","","",""
"87e96674-63b1-4d0d-bc76-32e0d9327539","Omarion","Hampton","41","246.7","RB12","RB","Los Angeles Chargers","","","",""
"9f4b0912-cb1e-4d16-b82b-45b05b012839","Ashton","Jeanty","42","246.5","RB13","RB","Las Vegas Raiders","","","",""
"676d8fda-82f3-5ab3-a0b5-e1974f3ed0b3","Cameron","Ward","43","246.2","QB25","QB","Tennessee Titans","","","",""
"84d2c2de-8b5a-41cd-a571-aa7aafcfbc06","Bryce","Young","44","246.0","QB26","QB","Carolina Panthers","","","",""
"57c18f3f-4ec5-4e23-9fb1-ea9b9d35ea95","Ken","Walker III","45","245.5","RB14","RB","Kansas City Chiefs","","","",""
"21ec9ffa-959e-4e5e-8d64-88776b1b4150","CeeDee","Lamb","46","243.8","WR6","WR","Dallas Cowboys","","","",""
"6ed8fa4f-065c-4166-bd39-81555e655948","Chase","Brown","47","243.5","RB15","RB","Cincinnati Bengals","","","",""
"2b821176-4aeb-4159-b49e-c87dfc4a25d9","Drake","London","48","242.7","WR7","WR","Atlanta Falcons","","","",""
"d11c4534-5691-488e-910d-7707c6c12e44","Geno","Smith","49","241.9","QB27","QB","New York Jets","","","",""
"1cc09dd6-2918-4379-b17a-562dc04857c5","Jeremiyah","Love","50","239.0","RB16","RB","Arizona Cardinals","","","",""
"db9d8880-ccab-480e-8fa3-d0e1c1fe0297","Aaron","Rodgers","51","238.8","QB28","QB","Pittsburgh Steelers","","","",""
"03e908d2-14b1-49ed-a6e6-56e41a5e9988","Kyren","Williams","52","237.1","RB17","RB","Los Angeles Rams","","","",""
"3ccbc4c7-afff-4477-93c6-10c823f53098","Justin","Jefferson","53","230.5","WR8","WR","Minnesota Vikings","","","",""
"c07c6a7e-5738-4d6d-9cc6-5e8ce3707358","Malik","Nabers","54","229.9","WR9","WR","New York Giants","","","",""
"00fa8a29-92e1-4a0f-b4d1-8fab945cfcd3","Jacoby","Brissett","55","221.0","QB29","QB","Arizona Cardinals","","","",""
"081d65a4-1d29-40ff-9ca1-dabad6887ff2","Cam","Skattebo","56","216.8","RB18","RB","New York Giants","","","",""
"64d36d44-e477-496c-8250-80bc47e1d6d6","Travis","Etienne","57","212.8","RB19","RB","New Orleans Saints","","","",""
"bcd9dd40-142a-4f3c-b47e-654117d32658","Nico","Collins","58","212.8","WR10","WR","Houston Texans","","","",""
"2955db5c-a718-4e9b-a9bf-c9c51a1a4c11","Trey","McBride","59","212.3","TE1","TE","Arizona Cardinals","","","",""
"719db736-34b5-4990-ae8a-86d851f9eb37","Quinshon","Judkins","60","209.7","RB20","RB","Cleveland Browns","","","",""
"9853a3b5-067e-4aee-9388-4e21fa09d7d9","Bucky","Irving","61","206.3","RB21","RB","Tampa Bay Buccaneers","","","",""
"dc3bcebb-9e77-437c-9f51-57548947a981","D'Andre","Swift","62","205.3","RB22","RB","Chicago Bears","","","",""
"d7fc5a7b-bbb5-4b53-a9d4-58780f9d3ba1","A.J.","Brown","63","203.8","WR11","WR","New England Patriots","","","",""
"83a1c1dd-93ee-4997-ae2b-139466d923ed","Chris","Olave","64","202.7","WR12","WR","New Orleans Saints","","","",""
"0b218e62-7871-4c50-99aa-7268ab5c5c28","Fernando","Mendoza","65","202.3","QB30","QB","Las Vegas Raiders","","","",""
"473889a2-a6c7-4912-9c96-1665a08877e1","Garrett","Wilson","66","199.7","WR13","WR","New York Jets","","","",""
"02c7a4a9-1a8c-43b9-9b1c-d3eba62cfa47","George","Pickens","67","198.2","WR14","WR","Dallas Cowboys","","","",""
"e75fdadf-f9d2-44d5-8f0b-2308f7b00ab0","Zay","Flowers","68","197.3","WR15","WR","Baltimore Ravens","","","",""
"61dc9c11-cbf2-4508-bc17-54da23abfb8d","Davante","Adams","69","196.9","WR16","WR","Los Angeles Rams","","","",""
"942801d0-c4ad-4d2b-b971-34cc675ed8f8","Chuba","Hubbard","70","194.9","RB23","RB","Carolina Panthers","","","",""
"41e96471-3191-4cbd-966d-e240e1b3deeb","DeVonta","Smith","71","194.3","WR17","WR","Philadelphia Eagles","","","",""
"6e351f30-740b-4649-b1c3-28b52f7ee0a4","Bhayshul","Tuten","72","193.4","RB24","RB","Jacksonville Jaguars","","","",""
"91204d39-aa4f-4927-9728-3c80fde04371","Brock","Bowers","73","192.8","TE2","TE","Las Vegas Raiders","","","",""
"54ddd66e-ce84-4ff8-979d-6cc9e1ff78ff","TreVeyon","Henderson","74","189.9","RB25","RB","New England Patriots","","","",""
"b63d54a7-769e-4dd3-8ba8-bc1e865afc2f","Tony","Pollard","75","189.7","RB26","RB","Tennessee Titans","","","",""
"a3a3a72e-899e-4bbb-962d-dd308af3a320","Tetairoa","McMillan","76","184.2","WR18","WR","Carolina Panthers","","","",""
"eb7d78fd-a58f-49f4-a5c6-6e75cf6903c0","Aaron","Jones","77","183.8","RB27","RB","Minnesota Vikings","","","",""
"4b14baf1-115c-4fde-b12b-fa3ec53ab612","David","Montgomery","78","183.1","RB28","RB","Houston Texans","","","",""
"c06c8642-d1d0-4df1-8254-ee4e0ea70c5f","Terry","McLaurin","79","183.0","WR19","WR","Washington Commanders","","","",""
"017da9b8-968f-4baa-858f-d8bbf32373ee","Rhamondre","Stevenson","80","179.2","RB29","RB","New England Patriots","","","",""
"3e1631ff-095d-431f-9df2-e30c87ace2b0","Jameson","Williams","81","175.6","WR20","WR","Detroit Lions","","","",""
"6f55c5db-6322-482c-a15b-4d659d3bb07d","Tee","Higgins","82","175.4","WR21","WR","Cincinnati Bengals","","","",""
"fdd6ca8b-286d-4eb3-86e0-d2f970f6fa9c","Jaylen","Waddle","83","174.0","WR22","WR","Denver Broncos","","","",""
"35636630-0a9c-41d1-a63e-14c33291ebf7","Emeka","Egbuka","84","173.9","WR23","WR","Tampa Bay Buccaneers","","","",""
"c7bcbb9b-7598-4810-982a-bfd189daf987","Jadarian","Price","85","173.1","RB30","RB","Seattle Seahawks","","","",""
"e91cddd5-487d-4d8b-8131-c85691917e82","Rome","Odunze","86","171.7","WR24","WR","Chicago Bears","","","",""
"f2a26eb3-26f1-4b6a-ae58-42c5ea9341e8","J.K.","Dobbins","87","171.0","RB31","RB","Denver Broncos","","","",""
"56790984-c8f7-499a-a5cd-74c77b38028c","Ladd","McConkey","88","170.0","WR25","WR","Los Angeles Chargers","","","",""
"8b881421-a482-4cae-83bd-a19a96ec5eda","Rico","Dowdle","89","169.7","RB32","RB","Pittsburgh Steelers","","","",""
"00d5b7d1-4bbd-4b38-8f4b-b40348f13e55","DJ","Moore","90","167.7","WR26","WR","Buffalo Bills","","","",""
"89d88336-52d9-468c-bbe3-c1167c2e7819","Carnell","Tate","91","167.2","WR27","WR","Tennessee Titans","","","",""
"d407419c-8b2a-4590-b343-2f813554d6e0","Marvin","Harrison Jr.","92","166.2","WR28","WR","Arizona Cardinals","","","",""
"c8b20835-6103-48bb-bf86-dfbb883649d5","Courtland","Sutton","93","165.1","WR29","WR","Denver Broncos","","","",""
"b1f2f8ae-4b05-4a35-b9fb-6f5a6853e2eb","Rachaad","White","94","165.0","RB33","RB","Washington Commanders","","","",""
"41bac526-b103-4a40-9142-dcef21e5da72","Jaylen","Warren","95","164.8","RB34","RB","Pittsburgh Steelers","","","",""
"e46168ce-4da2-4a27-8ccd-8a986b4f5e3a","DK","Metcalf","96","164.6","WR30","WR","Pittsburgh Steelers","","","",""
"4aed4cc8-9362-4dd7-a829-1b2d891c445a","Alec","Pierce","97","161.7","WR31","WR","Indianapolis Colts","","","",""
"0ceab1e0-16a3-42ce-9607-b5bdaf4697b2","Jakobi","Meyers","98","161.5","WR32","WR","Jacksonville Jaguars","","","",""
"42a418b0-461c-4841-9c74-8f4a3547239c","Christian","Watson","99","160.5","WR33","WR","Green Bay Packers","","","",""
"7d59fc1e-990c-4002-994f-3c5e32b058ca","Jordyn","Tyson","100","159.6","WR34","WR","New Orleans Saints","","","",""
"fed6c701-5437-4965-b008-d65eb8280fea","Mike","Evans","101","159.3","WR35","WR","San Francisco 49ers","","","",""
"877b2b95-1014-448a-9255-a4ec6dad9330","Chris","Godwin","102","158.5","WR36","WR","Tampa Bay Buccaneers","","","",""
"7c4c6c1d-bce9-45e7-9578-1eb5b4ace271","Tyler","Warren","103","157.8","TE3","TE","Indianapolis Colts","","","",""
"667ca3ed-1519-414d-83e0-30bf2dc21162","Luther","Burden III","104","157.7","WR37","WR","Chicago Bears","","","",""
"4cf7c6ab-95f6-4e5f-adaa-ec47c1198dd1","Colston","Loveland","105","157.3","TE4","TE","Chicago Bears","","","",""
"9ecd93f6-17dd-447b-96b7-8d54ca4ca886","Michael","Pittman Jr.","106","156.6","WR38","WR","Pittsburgh Steelers","","","",""
"13a35139-f4c3-4f11-a2ee-13e427f57852","Parker","Washington","107","155.3","WR39","WR","Jacksonville Jaguars","","","",""
"11fab77a-8096-44ac-a426-6b8c9fddc723","Kyle","Pitts","108","151.3","TE5","TE","Atlanta Falcons","","","",""
"fbe947d5-246f-4e65-9c82-fe7480240b81","Blake","Corum","109","150.9","RB35","RB","Los Angeles Rams","","","",""
"a7519d55-5b58-4b16-a1ca-dce4c21ab284","Kyle","Monangai","110","150.7","RB36","RB","Chicago Bears","","","",""
"d83ad27b-1a9b-49ac-984e-49453f424c9f","Kenneth","Gainwell","111","149.4","RB37","RB","Tampa Bay Buccaneers","","","",""
"8abc1bed-0838-40ba-8959-45444bf778a5","RJ","Harvey","112","148.3","RB38","RB","Denver Broncos","","","",""
"609c7ac6-7a6a-49e2-bc37-6ad755dc8513","Xavier","Worthy","113","147.1","WR40","WR","Kansas City Chiefs","","","",""
"77e88416-ec46-49cf-9997-ee83acddb499","Harold","Fannin Jr.","114","146.9","TE6","TE","Cleveland Browns","","","",""
"ac9035c0-d09b-4223-8db3-76c7994fd11a","Brian","Thomas Jr.","115","144.6","WR41","WR","Jacksonville Jaguars","","","",""
"a84c94e2-eaef-4db4-b83d-08c6c6156581","Khalil","Shakir","116","144.0","WR42","WR","Buffalo Bills","","","",""
"01220bfd-6610-4092-8c91-df5780313d9d","Sam","LaPorta","117","142.2","TE7","TE","Detroit Lions","","","",""
"cf099f63-ced6-4321-9a10-2b3ef7692315","Jordan","Addison","118","142.0","WR43","WR","Minnesota Vikings","","","",""
"9e29ed5f-9125-4b00-8da2-5d01f868aa5f","Dallas","Goedert","119","140.1","TE8","TE","Philadelphia Eagles","","","",""
"dd7ba07b-e45a-4e8a-af56-8123a2ec1e8e","Quentin","Johnston","120","140.0","WR44","WR","Los Angeles Chargers","","","",""
"48fe455e-166b-42f0-8c77-9b6a9d03d251","Wan'Dale","Robinson","121","139.4","WR45","WR","Tennessee Titans","","","",""
"11818a85-2fd9-4efd-aba2-bb18fc46a486","Makai","Lemon","122","138.6","WR46","WR","Philadelphia Eagles","","","",""
"9e061e7d-b8a9-4457-903c-59e107eaea12","Michael","Wilson","123","138.2","WR47","WR","Arizona Cardinals","","","",""
"db550ba6-f791-445d-a02c-65d4b8967c52","Mark","Andrews","124","137.8","TE9","TE","Baltimore Ravens","","","",""
"28528dbe-2b54-4e90-8daf-b40ff16f4fcb","Romeo","Doubs","125","136.1","WR48","WR","New England Patriots","","","",""
"05a6881d-5311-49a0-be02-83b85e831b2b","Tyjae","Spears","126","135.2","RB39","RB","Tennessee Titans","","","",""
"088cc763-b559-43bc-a5fa-899f811452ff","Tua","Tagovailoa","127","135.1","QB31","QB","Atlanta Falcons","","","",""
"e2ea9022-a228-40b1-b668-5ac1fbe7e174","Travis","Kelce","128","134.8","TE10","TE","Kansas City Chiefs","","","",""
"4d1e8598-7702-473b-aa6d-d9700db305ce","Ricky","Pearsall","129","133.8","WR49","WR","San Francisco 49ers","","","",""
"0b41b52c-c6f3-43bd-a655-35023705d92e","KC","Concepcion","130","132.5","WR50","WR","Cleveland Browns","","","",""
"52947412-4003-4b6b-9660-5a2aa4ca1bd7","Calvin","Ridley","131","132.3","WR51","WR","Tennessee Titans","","","",""
"ef35a5ca-57be-43d7-a55b-d4d568091425","Jayden","Reed","132","131.8","WR52","WR","Green Bay Packers","","","",""
"3eabec6e-44d1-4e00-b975-7981b019494e","Matthew","Golden","133","130.8","WR53","WR","Green Bay Packers","","","",""
"ec328230-8186-4309-8242-ca1e6c806e58","Deshaun","Watson","134","127.6","QB32","QB","Cleveland Browns","","","",""
"1a2115d5-cf2b-40f2-a512-e4d3fadc60e7","Isiah","Pacheco","135","127.3","RB40","RB","Detroit Lions","","","",""
"5387ce75-723a-46f8-a393-b0bd2207291c","Tre","Tucker","136","126.8","WR54","WR","Las Vegas Raiders","","","",""
"b079ce97-bdb3-4e94-b739-e7ba71472c39","Jordan","Mason","137","126.5","RB41","RB","Minnesota Vikings","","","",""
"de7ad4ba-381a-4899-b682-01c237566a46","Tucker","Kraft","138","126.3","TE11","TE","Green Bay Packers","","","",""
"9077a1e5-ae83-43f2-ad88-8e44df2d6f4d","Jake","Ferguson","139","126.2","TE12","TE","Dallas Cowboys","","","",""
"eb6be1fa-c875-4300-87e2-7809671a5a00","Zach","Charbonnet","140","126.0","RB42","RB","Seattle Seahawks","","","",""
"e97d1607-52ac-43a6-80f0-a630cab1e74b","Josh","Downs","141","125.4","WR55","WR","Indianapolis Colts","","","",""
"4a2d05c3-cb53-441f-b01f-869caa3d3db1","Michael","Penix Jr.","142","124.5","QB33","QB","Atlanta Falcons","","","",""
"7d34e47d-044c-4a44-90b4-d1ce54549cea","T.J.","Hockenson","143","123.8","TE13","TE","Minnesota Vikings","","","",""
"9b6b5dd5-bcdf-4155-aa42-9b6c948e851e","Omar","Cooper Jr.","144","122.9","WR56","WR","New York Jets","","","",""
"4d3349f4-94a4-4d53-bdcb-8d754c37a315","Juwan","Johnson","145","122.8","TE14","TE","New Orleans Saints","","","",""
"d4cb3ff5-5305-4c85-a51d-fe7136b0d10f","Isaiah","Likely","146","122.6","TE15","TE","New York Giants","","","",""
"e950f611-f934-488d-ad6a-3fac1c89a3f2","Rashid","Shaheed","147","121.7","WR57","WR","Seattle Seahawks","","","",""
"03132f54-3982-4620-8495-c8fb6ec423f8","Jalen","Coker","148","120.3","WR58","WR","Carolina Panthers","","","",""
"b3699351-6046-4cfa-9cce-3a881e504d07","Shedeur","Sanders","149","120.0","QB34","QB","Cleveland Browns","","","",""
"e7734d2c-72f2-49da-91b8-6d09036794be","Oronde","Gadsden II","150","119.8","TE16","TE","Los Angeles Chargers","","","",""
"d18a8c9c-dc6a-4ed2-af27-a631c40f0cb2","Jacory","Croskey-Merritt","151","118.7","RB43","RB","Washington Commanders","","","",""
"58a9eb5e-0e5a-43e0-8a84-f29aaab96c0e","Dalton","Kincaid","152","118.7","TE17","TE","Buffalo Bills","","","",""
"3f365df5-b74c-451c-a67d-e3ad460752aa","Woody","Marks","153","116.5","RB44","RB","Houston Texans","","","",""
"8f61d453-4928-4717-a57e-d8f8f21fa211","Alvin","Kamara","154","116.1","RB45","RB","New Orleans Saints","","","",""
"aa36686a-7005-49d2-8db8-2ccbe6e483e0","Hunter","Henry","155","115.9","TE18","TE","New England Patriots","","","",""
"ef187a90-1a0c-46af-9775-ebaa0fbbc6d1","Pat","Freiermuth","156","115.6","TE19","TE","Pittsburgh Steelers","","","",""
"c000c35b-ea8d-43de-9952-9814ce4eb887","Jayden","Higgins","157","115.1","WR59","WR","Houston Texans","","","",""
"dd0faf01-71b1-4348-8299-d0de3d50c0da","George","Kittle","158","112.7","TE20","TE","San Francisco 49ers","","","",""
"a59c3f47-ac4f-4bbc-8ea0-4b0afe04b9dc","Kenyon","Sadiq","159","111.9","TE21","TE","New York Jets","","","",""
"392cac47-00b2-4189-b006-58ebc14b23bf","Jerry","Jeudy","160","111.8","WR60","WR","Cleveland Browns","","","",""
"f8a8ab57-e237-4732-830d-7e0d5edd2620","Brenton","Strange","161","111.8","TE22","TE","Jacksonville Jaguars","","","",""
"92537de5-d0be-45ec-b8ad-bf0ee3ddce60","Jalen","McMillan","162","107.0","WR61","WR","Tampa Bay Buccaneers","","","",""
"9fd3effd-2d57-43d1-9da9-118e0aa3689b","Dalton","Schultz","163","105.6","TE23","TE","Houston Texans","","","",""
"0c387d43-416a-4895-932c-6ffdf97ff68a","Rashod","Bateman","164","105.5","WR62","WR","Baltimore Ravens","","","",""
"b44b6d29-a02e-48ae-9b60-1f2202464ba9","Jonathon","Brooks","165","105.3","RB46","RB","Carolina Panthers","","","",""
"5d942e20-efde-4e9b-b4be-8112da68037a","Denzel","Boston","166","104.5","WR63","WR","Cleveland Browns","","","",""
"4f3c5505-9940-4dfc-bc57-603892bccb40","Germie","Bernard","167","103.5","WR64","WR","Pittsburgh Steelers","","","",""
"38bdcde6-0f06-4c83-8e57-6a1d562e57b2","Jalen","Nailor","168","102.1","WR65","WR","Las Vegas Raiders","","","",""
"8b12012c-b9e9-40d8-bb16-f4d696bb150f","Gunnar","Helm","169","98.6","TE24","TE","Tennessee Titans","","","",""
"96e67ed5-d19b-461e-bd32-6ab1bb7a7697","Samaje","Perine","170","95.7","RB47","RB","Cincinnati Bengals","","","",""
"e00a8260-ce08-5d29-8752-2140b6006b07","Chigoziem","Okonkwo","171","95.7","TE25","TE","Washington Commanders","","","",""
"f78d35e4-b166-4fc2-8d37-90fe6c95d790","Chris","Bell","172","95.6","WR66","WR","Miami Dolphins","","","",""
"2555530d-7eab-464c-94f3-15444cc81b0d","Caleb","Douglas","173","95.6","WR67","WR","Miami Dolphins","","","",""
"d580ee61-2ae9-4765-8065-85a4dc403af3","Mike","Gesicki","174","93.5","TE26","TE","Cincinnati Bengals","","","",""
"ad69fd40-04a0-42d9-b8bc-b01b02910d5d","Justice","Hill","175","93.1","RB48","RB","Baltimore Ravens","","","",""
"c90c934c-9d10-4836-a138-d8ce1e2198d2","Braelon","Allen","176","91.9","RB49","RB","New York Jets","","","",""
"2b915546-701a-43ba-83b8-14b637feaff5","Tank","Dell","177","90.2","WR68","WR","Houston Texans","","","",""
"602683fa-4f9e-44ce-b92d-44dcca9ca2a4","Brian","Robinson Jr.","178","89.4","RB50","RB","Atlanta Falcons","","","",""
"12f54305-94f2-59a5-89d1-4638223100e0","Tre","Harris","179","89.4","WR69","WR","Los Angeles Chargers","","","",""
"0c7ec0aa-bc36-49d5-a402-0cb26a244803","A.J.","Barner","180","89.2","TE27","TE","Seattle Seahawks","","","",""
"bade36dc-92a4-4fa5-8238-c737fbceaeb4","Greg","Dulcich","181","88.0","TE28","TE","Miami Dolphins","","","",""
"9ff86d7b-4419-4124-b7f7-45e95948cd07","Malik","Washington","182","86.1","WR70","WR","Miami Dolphins","","","",""
"4a119663-b322-43a7-bfd3-19662f4e21b2","Kimani","Vidal","183","83.7","RB51","RB","Los Angeles Chargers","","","",""
"268e4c6c-716d-467c-856a-1297e1c743cf","Cade","Otton","184","82.2","TE29","TE","Tampa Bay Buccaneers","","","",""
"7de4a983-b3ce-4aa2-8332-608b39f1a4ab","Dyami","Brown","185","79.5","WR71","WR","Washington Commanders","","","",""
"dbe588a1-cdaf-458e-a0b4-daa450f19bbf","Cooper","Kupp","186","79.4","WR72","WR","Seattle Seahawks","","","",""
"6ad094f1-6730-4225-872e-60def37f1efd","Evan","Engram","187","78.0","TE30","TE","Denver Broncos","","","",""
"682dc86b-6b08-4733-96e9-b5fc852043ff","Nick","Westbrook-Ikhine","188","76.3","WR73","WR","Indianapolis Colts","","","",""
"bcf68759-6db5-45da-b6d9-859dc7a3ba4e","Darnell","Mooney","189","75.9","WR74","WR","New York Giants","","","",""
"625be843-9bf8-4602-9029-a88e52b084bd","Terrance","Ferguson","190","75.8","TE31","TE","Los Angeles Rams","","","",""
"e351f43e-e09b-4509-be8b-9bfa83d46ad7","Ryan","Flournoy","191","74.6","WR75","WR","Dallas Cowboys","","","",""
"a0dcb808-0e55-4c54-b3cb-7e7cf245840b","Chris","Rodriguez","192","74.1","RB52","RB","Jacksonville Jaguars","","","",""
"da4bbb87-fe7f-4d65-9cbe-c3085d2cbfc1","Dylan","Sampson","193","72.4","RB53","RB","Cleveland Browns","","","",""
"9abe9b0f-ac15-496a-9fe6-8e2936d122c1","Tyler","Allgeier","194","72.2","RB54","RB","Arizona Cardinals","","","",""
"8346d01a-e5c5-46c8-bb8d-90e142e9926c","Tyrone","Tracy Jr.","195","72.2","RB55","RB","New York Giants","","","",""
"ff73b868-18dc-4dc0-aa07-30bf79323218","Jalen","Tolbert","196","71.5","WR76","WR","Miami Dolphins","","","",""
"8228dbe3-e9fb-422b-b2ed-499162f15ef0","Christian","Kirk","197","71.3","WR77","WR","San Francisco 49ers","","","",""
"27ddd6aa-fac1-4c95-9d5d-31d471606308","Ty","Johnson","198","70.5","RB56","RB","Buffalo Bills","","","",""
"ec45061e-52b5-444a-ac66-63b2623b9bd2","Olamide","Zaccheaus","199","70.1","WR78","WR","Atlanta Falcons","","","",""
"9e0fd3fb-73c5-4f37-b250-1b768168bbf1","Antonio","Williams","200","69.1","WR79","WR","Washington Commanders","","","",""
"5d34358b-ed75-4a24-b938-4ce83f9e2774","Van","Jefferson","201","68.4","WR80","WR","Washington Commanders","","","",""
"5d017d0c-0864-4cec-93d0-e5c68c76fca2","Andrei","Iosivas","202","63.3","WR81","WR","Cincinnati Bengals","","","",""
"268e39be-0c35-4593-bd6f-35f0df1c15d7","Tai","Felton","203","62.5","WR82","WR","Minnesota Vikings","","","",""
"d8e5727e-53e4-4983-80a8-d9348f58c050","MarShawn","Lloyd","204","61.3","RB57","RB","Green Bay Packers","","","",""
"24c187ac-e613-495f-9fd8-4befd4710517","Xavier","Legette","205","60.8","WR83","WR","Carolina Panthers","","","",""
"42b49068-33a3-4f43-9e66-005433044a40","Michael","Mayer","206","60.6","TE32","TE","Las Vegas Raiders","","","",""
"353101c8-d87d-41f3-b7aa-b94168704543","Savion","Williams","207","60.1","WR84","WR","Green Bay Packers","","","",""
"6687791c-ed7b-4d99-8a3a-a3b4b54e4324","Tyquan","Thornton","208","58.7","WR85","WR","Kansas City Chiefs","","","",""
"86e4ae73-0fb9-4cbe-a457-71f3f7ea2a22","Travis","Hunter","209","58.5","WR86","WR","Jacksonville Jaguars","","","",""
"a494d7c8-4c78-4055-9609-5ca71960b260","Darnell","Washington","210","58.3","TE33","TE","Pittsburgh Steelers","","","",""
"dc7ac01a-208f-4915-b6c2-a7f2766b7e1d","Colby","Parkinson","211","58.0","TE34","TE","Los Angeles Rams","","","",""
"7b05e870-e29a-4cdd-acaa-db7e3dc8e716","Ja'Tavion","Sanders","212","57.9","TE35","TE","Carolina Panthers","","","",""
"9ad5fbe4-e29b-4c36-a7cb-9309acf60abe","Tank","Bigsby","213","57.5","RB58","RB","Philadelphia Eagles","","","",""
"32bdcf83-11aa-4fef-857a-88419965dbc2","Jack","Bech","214","57.5","WR87","WR","Las Vegas Raiders","","","",""
"6b6c0fe5-926b-4c07-869e-932beca840ba","Adonai","Mitchell","215","57.5","WR88","WR","New York Jets","","","",""
"5c1416ec-0b1b-47d6-ad15-6dc75e170caf","Jordan","James","216","57.2","RB59","RB","San Francisco 49ers","","","",""
"5a5bfcaa-e87c-4ace-8f2c-5c494dd7950e","Mike","Washington Jr.","217","57.2","RB60","RB","Las Vegas Raiders","","","",""
"77b3cf07-cf9b-4068-832f-4f787e7e7259","De'Zhaun","Stribling","218","56.3","WR89","WR","San Francisco 49ers","","","",""
"4e8e072d-6099-489b-a97f-a1e75f2cf1ab","Dawson","Knox","219","55.1","TE36","TE","Buffalo Bills","","","",""
"9a32dd2e-70c2-4179-9efd-abf7dddb250f","Kavontae","Turpin","220","54.6","WR90","WR","Dallas Cowboys","","","",""
"9431a971-42d8-4e26-9957-06ad738b37f9","Marvin","Mims","221","54.0","WR91","WR","Denver Broncos","","","",""
"df9c6e16-ff33-446a-8c7c-7635a409155d","Devaughn","Vele","222","53.8","WR92","WR","New Orleans Saints","","","",""
"6c5101ff-2482-4587-8500-cdcadaa504f6","Jaylin","Lane","223","52.3","WR93","WR","Washington Commanders","","","",""
"8d520a36-2e8c-4bd3-84d3-29708cef21ab","Isaac","TeSlaa","224","52.2","WR94","WR","Detroit Lions","","","",""
"87e7baef-4eb4-46ca-aac1-4df33d0f0ce5","Tory","Horton","225","51.3","WR95","WR","Seattle Seahawks","","","",""
"f79bdcc1-2e5a-4717-95aa-d3a71e70e5a5","Jake","Tonges","226","50.2","TE37","TE","San Francisco 49ers","","","",""
"fa3e4ba2-240b-47b4-a67c-6890f336991b","Jaydon","Blue","227","49.9","RB61","RB","Dallas Cowboys","","","",""
"97ac300b-1153-4a8d-ac58-47f85d74cd51","Pat","Bryant","228","49.9","WR96","WR","Denver Broncos","","","",""
"748b1bde-0acf-4e4d-bc1d-a634c3188c20","Ja'Kobi","Lane","229","49.9","WR97","WR","Baltimore Ravens","","","",""
"5a937ca2-cb10-46cd-b7df-6d03e7a121b4","Elijah","Arroyo","230","49.1","TE38","TE","Seattle Seahawks","","","",""
"5df1a513-165c-4a68-8430-397522553e27","Dontayvion","Wicks","231","48.5","WR98","WR","Philadelphia Eagles","","","",""
"41af4ab9-6754-4e81-81d7-b8cdec562d23","Tommy","Tremble","232","48.4","TE39","TE","Carolina Panthers","","","",""
"ee61b327-de07-483b-b872-eb251e6c2613","Darius","Slayton","233","47.7","WR99","WR","New York Giants","","","",""
"ad50c6db-b65f-462d-a607-ea75895ed062","Jahan","Dotson","234","47.3","WR100","WR","Atlanta Falcons","","","",""
"578083fd-28b7-4f25-9ab5-76dac063ab44","Kayshon","Boutte","235","47.1","WR101","WR","New England Patriots","","","",""
"903044f4-028a-4930-b027-80a8564afd17","Mason","Taylor","236","47.1","TE40","TE","New York Jets","","","",""
"e1ab7ce2-99e4-4b80-ba12-c0d88f14a73b","Kalif","Raymond","237","46.0","WR102","WR","Chicago Bears","","","",""
"4b055bc7-6f2a-4ed2-8027-9e9d73a98adf","Kirk","Cousins","238","45.5","QB35","QB","Las Vegas Raiders","","","",""
"81bb7937-f269-4ae1-a713-aba675d04c04","DeMario","Douglas","239","44.7","WR103","WR","New England Patriots","","","",""
"91d9b2f2-d819-4399-b361-a55d6f47b969","Noah","Gray","240","44.3","TE41","TE","Kansas City Chiefs","","","",""
"285ff4fa-4e29-4999-a921-e5857c5080cf","Devontez","Walker","241","44.1","WR104","WR","Baltimore Ravens","","","",""
"13b2a45b-e31a-4bfd-b88d-a23adef97432","Jaylin","Noel","242","44.0","WR105","WR","Houston Texans","","","",""
"76ded0dc-a456-4503-a04d-a4fb41aafbc8","Zachariah","Branch","243","43.5","WR106","WR","Atlanta Falcons","","","",""
"2fbbfb58-d145-4c4d-a191-94da934aeb97","Marquise","Brown","244","43.5","WR107","WR","Philadelphia Eagles","","","",""
"0fd06655-ece8-4168-a588-f8fd5cb4410b","Cole","Kmet","245","42.6","TE42","TE","Chicago Bears","","","",""
"711a0f82-0569-4f0e-8bdb-a17f504946da","Tutu","Atwell","246","42.4","WR108","WR","Miami Dolphins","","","",""
"e7ceb8ee-3f04-41d2-ade4-c91891883414","Troy","Franklin","247","41.8","WR109","WR","Denver Broncos","","","",""
"1862183c-6a0a-4cf9-b4ae-071c39cab7d1","Keon","Coleman","248","41.6","WR110","WR","Buffalo Bills","","","",""
"24c1ee61-5bbe-43c0-9512-2a1c9ba741a4","Xavier","Hutchinson","249","41.2","WR111","WR","Houston Texans","","","",""
"02dccdb4-7ecd-4ee5-9fd8-1531213ce3c6","Chris","Brooks","250","40.3","RB62","RB","Green Bay Packers","","","",""
"b2f0b4fc-2bbb-424e-a07f-a2d4b9e15e34","Brashard","Smith","251","40.2","RB63","RB","Kansas City Chiefs","","","",""
"50f1348b-bf28-4822-86e8-89dd8d7e415e","LeQuint","Allen","252","40.0","RB64","RB","Jacksonville Jaguars","","","",""
"fc7b0083-b914-4355-b7da-9b914f2c25fc","Theo","Johnson","253","39.7","TE43","TE","New York Giants","","","",""
"ce461ae0-18b8-4c69-a198-2432c70bd0ea","George","Holani","254","39.5","RB65","RB","Seattle Seahawks","","","",""
"530624e0-707b-487a-a29e-3d8eb2f85166","Malachi","Fields","255","39.2","WR112","WR","New York Giants","","","",""
"9c0a23d8-b2c0-4b5f-b348-70cd1e1d6669","Chris","Brazzell II","256","39.0","WR113","WR","Carolina Panthers","","","",""
"ca8c5014-bf51-4571-a462-800ceb464974","Tyler","Higbee","257","38.9","TE44","TE","Los Angeles Rams","","","",""
"54bd8952-2a9f-44e4-9c6e-4fcc0fe65c8e","Ashton","Dulin","258","37.0","WR114","WR","Indianapolis Colts","","","",""
"d81cf87e-523c-4937-8f45-40b1c6f3767e","Cedric","Tillman","259","36.4","WR115","WR","Cleveland Browns","","","",""
"a8e0f2e8-37eb-42cf-bcb1-36a84684b0a6","Kendrick","Bourne","260","36.4","WR116","WR","Arizona Cardinals","","","",""
"34c157be-724a-4c32-a9d9-a67147595565","Emari","Demercado","261","36.0","RB66","RB","Kansas City Chiefs","","","",""
"3dea7062-fa54-4cdd-bd31-acf6d05040f6","Treylon","Burks","262","36.0","WR117","WR","Washington Commanders","","","",""
"ab75c90d-2519-4458-97b1-ad47c41e582e","Austin","Hooper","263","36.0","TE45","TE","Atlanta Falcons","","","",""
"69da52ed-6f42-453d-8eda-86b660fdecd4","Elijah","Higgins","264","35.7","TE46","TE","Arizona Cardinals","","","",""
"3cc10408-1eb5-42d7-ba02-acb14de1d788","Jaylen","Wright","265","35.3","RB67","RB","Miami Dolphins","","","",""
"45ba2a55-8a6d-4885-adcd-1136ca801fc7","Noah","Fant","266","35.3","TE47","TE","New Orleans Saints","","","",""
"f09f8ce4-e384-4263-9781-3445671e00bd","Josh","Oliver","267","34.8","TE48","TE","Minnesota Vikings","","","",""
"43632f2f-dbac-4636-b472-7def9a77dee7","Kyle","Juszczyk","268","34.7","RB68","RB","San Francisco 49ers","","","",""
"cd8a15d4-a063-4cc9-9e53-476a1d59e95c","Dont'e","Thornton Jr.","269","34.5","WR118","WR","Las Vegas Raiders","","","",""
"a1fd4115-d3fb-575b-a558-a131ad91412c","Will","Kacmarek","270","33.5","TE49","TE","Miami Dolphins","","","",""
"7dc31508-0db1-42b9-b2da-7cc6226ef122","Josh","Palmer","271","33.0","WR119","WR","Buffalo Bills","","","",""
"a2a2da64-8443-4c7d-a1ce-835f30eca698","Elijah","Sarratt","272","32.1","WR120","WR","Baltimore Ravens","","","",""
"079e97f4-5056-4f9d-bc44-3f73957bab06","Carson","Beck","273","31.6","QB36","QB","Arizona Cardinals","","","",""
"a45bcf8f-c281-4efb-9114-62e078297bb8","Isaiah","Davis","274","31.6","RB69","RB","New York Jets","","","",""
"362994bf-2305-4f82-8481-cd05618f9407","Jerome","Ford","275","30.9","RB70","RB","Washington Commanders","","","",""
"405149d0-9ebf-4dfd-b41e-cc37f6e429e1","Jordan","Whittington","276","30.2","WR121","WR","Los Angeles Rams","","","",""
"2b4755db-65b8-4ebb-a6ac-dcc87d34c16b","Kaelon","Black","277","30.0","RB71","RB","San Francisco 49ers","","","",""
"9e3106a2-a480-47cb-a4f4-958bd136a348","Daniel","Bellinger","278","30.0","TE50","TE","Tennessee Titans","","","",""
"2367117b-16b7-45a4-970d-9ed4cf3f7e38","Ray","Davis","279","29.7","RB72","RB","Buffalo Bills","","","",""
"fd58ddcc-8f81-4922-bbbf-3d3fe82e687b","DJ","Giddens","280","29.6","RB73","RB","Indianapolis Colts","","","",""
"f6f9b72e-d783-4d76-b834-a216bd9ad4d0","Erick","All","281","29.6","TE51","TE","Cincinnati Bengals","","","",""
"37821dcf-6643-47a1-8168-6ee650e7624f","Bryce","Lance","282","29.4","WR122","WR","New Orleans Saints","","","",""
"290c697a-95db-494a-9728-a1c3f90d4395","Eli","Stowers","283","28.9","TE52","TE","Philadelphia Eagles","","","",""
"39175974-db84-4c8f-bb00-60e24447f762","Drew","Sample","284","28.7","TE53","TE","Cincinnati Bengals","","","",""
"1ca8805d-23eb-41d8-bd06-2fee9654f1fe","Cade","Stover","285","28.6","TE54","TE","Houston Texans","","","",""
"a3f7b879-7675-42f6-a950-2d2ea2580a58","Jalen","Royals","286","28.3","WR123","WR","Kansas City Chiefs","","","",""
"6204f71e-c037-4b12-96ec-412f3cee7bf1","Luke","Schoonmaker","287","28.2","TE55","TE","Dallas Cowboys","","","",""
"8771bebe-123d-47eb-8226-57f585e4202c","Chimere","Dike","288","28.1","WR124","WR","Tennessee Titans","","","",""
"abb29ce7-844c-421e-b98c-65f0a58ab468","Tyler","Badie","289","28.0","RB74","RB","Denver Broncos","","","",""
"0ecb1a87-8244-449c-9532-043d0e7ef136","Ollie","Gordon II","290","27.6","RB75","RB","Miami Dolphins","","","",""
"82e60d5d-c2e3-443d-99ab-4bfdb1fc4630","John","Bates","291","27.3","TE56","TE","Washington Commanders","","","",""
"0d999014-480d-41ea-84a0-730ae0bf6bab","Mitchell","Evans","292","27.2","TE57","TE","Carolina Panthers","","","",""
"3a013faa-4c46-49e8-bc5d-54d3a9803c1e","Sean","Tucker","293","26.9","RB76","RB","Tampa Bay Buccaneers","","","",""
"b9e14ab0-6be6-4a52-81b4-4046a1104f97","Julian","Hill","294","26.8","TE58","TE","New England Patriots","","","",""
"1aeee0a0-f281-4464-978d-6408dc10bcbc","Luke","Musgrave","295","26.2","TE59","TE","Green Bay Packers","","","",""
"ca616ab1-5d70-4c8b-be61-0e064e31521f","Skyler","Bell","296","26.1","WR125","WR","Buffalo Bills","","","",""
"6dd8c89b-1f3e-4d7e-8826-a69ebd7e69fc","Tez","Johnson","297","24.9","WR126","WR","Tampa Bay Buccaneers","","","",""
"a3984671-8b17-4d47-844f-fa7c3a0e5476","Devin","Singletary","298","24.6","RB77","RB","New York Giants","","","",""
"647debe3-1f5b-41a9-bb4b-2814a7b24faf","Malik","Davis","299","23.0","RB78","RB","Dallas Cowboys","","","",""
"35a464cc-a50d-4923-a77d-18638d55cae3","Mack","Hollins","300","22.9","WR127","WR","New England Patriots","","","",""
"1bca686d-e264-4c60-9f2f-2c099315b414","Adam","Randall","301","22.8","RB79","RB","Baltimore Ravens","","","",""
"a45978fe-94c6-4b77-bc88-fc56ca1fdcc7","Ben","Sinnott","302","22.8","TE60","TE","Washington Commanders","","","",""
"d880f724-0897-4914-969b-af6a01eb4ac7","Brenen","Thompson","303","22.7","WR128","WR","Los Angeles Chargers","","","",""
"178ce7cf-fc46-46bc-9408-da2375269daf","Mo","Alie-Cox","304","22.3","TE61","TE","Indianapolis Colts","","","",""
"2e69e4ee-2cb3-41af-bcca-62ad234d5090","Konata","Mumpfield","305","22.2","WR129","WR","Los Angeles Rams","","","",""
"95c56271-a7c4-4129-822f-52ec640eec51","KeAndre","Lambert-Smith","306","22.1","WR130","WR","Los Angeles Chargers","","","",""
"3fd843c8-026e-4b24-ad58-ebc567d4d1a7","Adam","Trautman","307","22.0","TE62","TE","Denver Broncos","","","",""
"1927be02-4158-4183-b6db-f07003785855","Jackson","Hawes","308","21.9","TE63","TE","Buffalo Bills","","","",""
"076cc44c-a1fc-4a68-9985-1ddd4875623a","Charlie","Kolar","309","21.6","TE64","TE","Los Angeles Chargers","","","",""
"cbd2eec8-4505-4e7c-8415-ef87f011f70d","Jeremy","Ruckert","310","21.2","TE65","TE","New York Jets","","","",""
"58ef4b7e-c240-4470-8313-46a066fd93b9","Emmett","Johnson","311","20.7","RB80","RB","Kansas City Chiefs","","","",""
"320e51af-3953-41b7-b7e1-a4dda7fa3053","Greg","Dortch","312","20.3","WR131","WR","Detroit Lions","","","",""
"ee6ea4ac-85b7-53f5-b50f-2ca6879728ad","Kyle","T. Williams","313","19.9","WR132","WR","New England Patriots","","","",""
"f5ee4e55-bc86-451d-89d0-2cec1c56b0f7","Durham","Smythe","314","19.4","TE66","TE","Baltimore Ravens","","","",""
"34c63640-27c5-4508-a93e-8b7d72a4e3b1","Foster","Moreau","315","18.3","TE67","TE","Houston Texans","","","",""
"4b1dc7d3-a1f1-4a46-bbe1-eb56ba3dec06","Will","Shipley","316","17.7","RB81","RB","Philadelphia Eagles","","","",""
"2762d6d8-3e32-479c-8c20-bf1f8f832463","Xavier","Smith","317","17.7","WR133","WR","Los Angeles Rams","","","",""
"03380133-3eff-44d7-bd45-ce43ea815915","Tahj","Brooks","318","17.4","RB82","RB","Cincinnati Bengals","","","",""
"0431becc-a4a2-49b4-b270-3da247c0e95d","Nate","Boerkircher","319","17.3","TE68","TE","Jacksonville Jaguars","","","",""
"95b16025-a894-5594-9a57-ad13cd843ac4","Mitchell","Tinsley","320","17.1","WR134","WR","Cincinnati Bengals","","","",""
"2dc0f82e-cc2e-4731-ac91-1147eb4997e5","Tanner","Hudson","321","17.1","TE69","TE","Cincinnati Bengals","","","",""
"ae5ffec8-ddb5-44de-bfbe-0ac08be1c2ae","Ted","Hurst","322","17.0","WR135","WR","Tampa Bay Buccaneers","","","",""
"33c1ab78-52c8-4543-9d9c-7313e6e9aace","Hunter","Luepke","323","16.5","RB83","RB","Dallas Cowboys","","","",""
"64c2ac8d-6de4-49a1-9a92-f8dabb33a70c","Brock","Wright","324","16.5","TE70","TE","Detroit Lions","","","",""
"be921dc0-5c81-405e-8eb3-22ea5eccdcfe","Nate","Adkins","325","16.4","TE71","TE","Denver Broncos","","","",""
"b1c18230-ba14-41ee-9cd3-8e4bfe5c5878","Payne","Durham","326","16.4","TE72","TE","Tampa Bay Buccaneers","","","",""
"5b2963ea-efc4-4bbc-9aec-093eb5e7e76c","Davis","Allen","327","16.3","TE73","TE","Los Angeles Rams","","","",""
"2b871099-7200-47fb-9150-5be9a139721c","Jahdae","Walker","328","15.6","WR136","WR","Chicago Bears","","","",""
"a5e65aed-614f-4c75-bf7e-96b058119d37","Ben","Sims","329","15.6","TE74","TE","Miami Dolphins","","","",""
"2fc9683e-305e-4f34-b1d9-33a6b3c711f1","Trevor","Etienne","330","14.9","RB84","RB","Carolina Panthers","","","",""
"97fa3851-1235-4e1a-b3bd-b5f2cadf830e","Isaiah","Bond","331","12.9","WR137","WR","Cleveland Browns","","","",""
"661b313f-0059-464e-89f5-9b4d6d0a9e34","Joe","Milton III","332","11.1","QB37","QB","Dallas Cowboys","","","",""
"0570fd0a-98b4-4f6b-984d-c49e861a58c2","Justin","Fields","333","11.1","QB38","QB","Kansas City Chiefs","","","",""
"9dbcd9d0-46a0-4560-9ced-686684cf0c2e","Kendre","Miller","334","10.9","RB85","RB","New Orleans Saints","","","",""
"86f7c38b-ee3c-42ba-8591-592059df10f6","Myles","Price","335","10.8","WR138","WR","Minnesota Vikings","","","",""
"8d8b3f70-9e83-4911-aefa-e20f7262bfda","Anthony","Gould","336","10.7","WR139","WR","Indianapolis Colts","","","",""
"8c2a9f8c-8582-4cfc-b969-73b7123f7766","Marcus","Mariota","337","10.6","QB39","QB","Washington Commanders","","","",""
"3ccb2d52-6777-4b08-84dc-6a0cac7cfb2f","Calvin","Austin III","338","10.3","WR140","WR","New York Giants","","","",""
"1cc64623-05b6-4f77-8621-c50de632a46c","Alec","Ingold","339","10.2","RB86","RB","Los Angeles Chargers","","","",""
"46c38053-1a51-43ee-8012-140463fe894e","Seth","McGowan","340","10.0","RB87","RB","Indianapolis Colts","","","",""
"a8907b95-7599-4e7a-a5c1-2602475e9b68","Blake","Whiteheart","341","10.0","TE75","TE","Cleveland Browns","","","",""
"dea7fe9a-ba48-409d-ba7c-370c9b899d5f","Joe","Flacco","342","9.5","QB40","QB","Cincinnati Bengals","","","",""
"016f6b17-5612-436b-adf1-c717873cb230","James","Conner","343","9.0","RB88","RB","Arizona Cardinals","","","",""
"5b54e335-28d1-4a11-bca1-3fe22ed959e3","Keaton","Mitchell","344","8.7","RB89","RB","Los Angeles Chargers","","","",""
"3f6dd9e5-b0ac-46bc-bbc5-c6ce3f046a19","Emanuel","Wilson","345","8.4","RB90","RB","Seattle Seahawks","","","",""
"b9024f69-2baa-46fa-af8a-baf0c9a4083b","Tyrell","Shavers","346","8.3","WR141","WR","Buffalo Bills","","","",""
"57dbefee-7094-47b2-baad-c3646fbfe3b6","Ben","Skowronek","347","7.7","WR142","WR","Pittsburgh Steelers","","","",""
"b4302789-e7b4-5129-9406-a2e19332b167","Bo","Melton","348","7.7","WR143","WR","Green Bay Packers","","","",""
"483d6ea7-3782-4476-ae9a-355e1de403c3","Luke","Farrell","349","7.6","TE76","TE","San Francisco 49ers","","","",""
"865d3c64-2240-4ac5-bf5c-be0d8d7d5edc","Isaiah","Williams","350","6.8","WR144","WR","New York Jets","","","",""
"ad0e0e95-aa32-473e-8207-04d59e9a9bcb","Zavier","Scott","351","6.6","RB91","RB","Minnesota Vikings","","","",""
"75512516-42df-4a53-864d-85d536c70c34","Connor","Heyward","352","6.6","RB92","RB","Las Vegas Raiders","","","",""
"2755c631-d948-4b40-90c8-eccd1b9229c3","Adam","Prentice","353","6.5","RB93","RB","Denver Broncos","","","",""
"b798ab6e-bd9d-4eaf-a650-c8fe30279568","Derius","Davis","354","6.1","WR145","WR","Los Angeles Chargers","","","",""
"f534e711-7613-4464-9570-3f2171bac825","Demarcus","Robinson","355","6.1","WR146","WR","San Francisco 49ers","","","",""
"86f278b7-f208-4fe9-af36-8f21f79c9d4e","David","Moore","356","6.1","WR147","WR","Carolina Panthers","","","",""
"bfd9e94b-4217-4605-b0fc-58d81eeb922a","Justin","Watson","357","5.9","WR148","WR","Houston Texans","","","",""
"e77fc2ba-9f10-418d-8133-14b993d3f59e","Jonah","Coleman","358","5.8","RB94","RB","Denver Broncos","","","",""
"e88a3317-22cb-4c8c-8d97-f908e30deb52","Oscar","Delp","359","5.8","TE77","TE","New Orleans Saints","","","",""
"c6997cdf-ca0f-4868-b272-566f4225afd0","Colbie","Young","360","5.7","WR149","WR","Cincinnati Bengals","","","",""
"70bd76a9-be66-452f-8f36-63a433337f64","Brevyn","Spann-Ford","361","5.7","TE78","TE","Dallas Cowboys","","","",""
"ed066f65-3777-4e8b-ac69-01f449ffe9a3","Jonathan","Mingo","362","5.6","WR150","WR","Dallas Cowboys","","","",""
"0c10b051-c7d7-44ce-93b3-f71f65054d9e","Reggie","Virgil","363","5.6","WR151","WR","Arizona Cardinals","","","",""
"fda83f17-7899-46d6-99fc-0fea6147d25c","Jawhar","Jordan","364","5.5","RB95","RB","Houston Texans","","","",""
"db884ed1-7571-4721-9159-c6a4ec52cac8","CJ","Daniels","365","5.5","WR152","WR","Los Angeles Rams","","","",""
"284da6e8-d46c-4274-9b40-3c7ceabaa441","Max","Klare","366","5.5","TE79","TE","Los Angeles Rams","","","",""
"9878c951-2dff-4427-b121-baa03a9485e6","Quintin","Morris","367","5.5","TE80","TE","Jacksonville Jaguars","","","",""
"bc66e095-6478-4243-8eef-e709009a9776","Mason","Tipton","368","5.4","WR153","WR","New Orleans Saints","","","",""
"6f9a391e-7cce-49ac-aaa4-4e593c7dcd4a","Elic","Ayomanor","369","5.4","WR154","WR","Tennessee Titans","","","",""
"96f4ba94-c144-52b9-b103-01d6ece62da6","Cyrus","Allen","370","5.3","WR155","WR","Kansas City Chiefs","","","",""
"bcf85be3-9707-47cf-832b-d1199a32307f","Kevin","Coleman Jr.","371","5.3","WR156","WR","Miami Dolphins","","","",""
"b156995d-cb51-4900-a401-37faa5ad2c2c","Darius","Cooper","372","5.1","WR157","WR","Philadelphia Eagles","","","",""
"e64c7835-a044-4748-9840-2cd5ae669189","Zavion","Thomas","373","5.0","WR158","WR","Chicago Bears","","","",""
"9028c03b-87a1-4135-bbae-6e1da14c72ab","Reggie","Gilliam","374","4.8","RB96","RB","New England Patriots","","","",""
"1bdf1e5c-d589-4348-b5a0-3d4ddd337f40","Andrew","Beck","375","4.7","RB97","RB","New York Jets","","","",""
"fe1bb862-611a-4153-b9ca-68e14dcbe2ae","Patrick","Ricard","376","4.6","RB98","RB","New York Giants","","","",""
"6ea72ab6-f8bd-424b-b960-3edd1e322d62","Malachi","Corley","377","4.2","WR159","WR","Cleveland Browns","","","",""
"21a8a12a-b349-4462-8236-47342d6f8e8a","Kaden","Wetjen","378","4.1","WR160","WR","Pittsburgh Steelers","","","",""
"5ed83400-1f53-4281-8e26-add34de68fcb","Kaleb","Johnson","379","3.6","RB99","RB","Pittsburgh Steelers","","","",""
"e19b1714-6f53-4171-b59b-f89aca6b16b1","Arian","Smith","380","2.4","WR161","WR","New York Jets","","","",""
"acbe9777-f6b2-42b0-8dfd-e8b01c1955d1","Jimmy","Horn Jr.","381","2.4","WR162","WR","Carolina Panthers","","","",""
"04eeea00-47d6-52da-abb6-cdd137ca7de0","British","Brooks","382","1.8","RB100","RB","Houston Texans","","","",""
"86f874df-e455-568b-beb2-f8e914d8d1e2","Kameron","Johnson","383","1.2","WR163","WR","Tampa Bay Buccaneers","","","",""
"789a1ff0-4341-453d-9a94-82803be77a29","Kene","Nwangwu","384","0.0","RB101","RB","New York Jets","","","",""
"f9cad7c6-ed11-4cf8-a863-1a8d9a3e41c7","Isaac","Guerendo","385","0.0","RB102","RB","San Francisco 49ers","","","",""
"73c2849d-235b-4cf4-8865-2cc4b1e17125","Dylan","Laube","386","0.0","RB103","RB","Las Vegas Raiders","","","",""
"4462844e-7cbe-4d70-9e7f-99b28a8b5547","Bam","Knight","387","0.0","RB104","RB","Arizona Cardinals","","","",""
"3ca4c4f2-e8ba-4ad8-9df6-66152a1eaf9c","Jacob","Saylors","388","0.0","RB105","RB","Detroit Lions","","","",""
"e16eb90f-eecc-44ec-bf0a-df384023016e","Rasheen","Ali","389","0.0","RB106","RB","Baltimore Ravens","","","",""
"f8899da4-7e51-4ab4-a78b-ad68d20e0632","DeeJay","Dallas","390","0.0","RB107","RB","Jacksonville Jaguars","","","",""
"e718255b-bcea-4c79-81d9-c85fc29e86d1","Josh","Williams","391","0.0","RB108","RB","Tampa Bay Buccaneers","","","",""
"892fedf8-412c-4307-bab0-2a04c33b1642","Nicholas","Singleton","392","0.0","RB109","RB","Tennessee Titans","","","",""
"6da3cec7-6b25-4bec-9d3a-915d72f69e98","Charlie","Jones","393","0.0","WR164","WR","Cincinnati Bengals","","","",""
"43e38497-d526-41ec-a22a-70fe9e0769ac","LaJohntay","Wester","394","0.0","WR165","WR","Baltimore Ravens","","","",""
"51162917-4d3c-4120-86df-3cbc5bc7e470","Britain","Covey","395","0.0","WR166","WR","Philadelphia Eagles","","","",""
"17053aa3-4a29-4e82-921f-5a359b437b34","Nikko","Remigio","396","0.0","WR167","WR","Kansas City Chiefs","","","",""
"2222c364-2769-435e-8f83-1d492b9b896a","Barion","Brown","397","0.0","WR168","WR","New Orleans Saints","","","",""
"6ae5b7bf-75ef-466e-a58a-eaadac5995c9","Jacob","Cowing","398","0.0","WR169","WR","San Francisco 49ers","","","",""
"07308229-efbc-5473-947a-8517b3b533b9","Ke'Shawn","Williams","399","0.0","WR170","WR","Cincinnati Bengals","","","",""
"e0d150b4-3f9b-40b1-946e-234e8741c5db","Devin","Duvernay","400","0.0","WR171","WR","Arizona Cardinals","","","",""
"c8ed35a6-1e8c-48d2-a8eb-cdf6abb3cf54","Luke","McCaffrey","401","0.0","WR172","WR","Washington Commanders","","","",""
"741e5c58-c7a9-506c-a6f8-475ffad12428","Gage","Larvadain","402","0.0","WR173","WR","Cleveland Browns","","","",""
"8b4a16e0-8982-4cf3-8229-9406f421c89a","Efton","Chism III","403","0.0","WR174","WR","New England Patriots","","","",""
"be511b46-091a-46c9-a9e0-6620dfe6d707","Deven","Thompkins","404","0.0","WR175","WR","Atlanta Falcons","","","",""
"d145912f-4e99-4f87-8b54-255a1827b7a4","Skyy","Moore","405","0.0","WR176","WR","Green Bay Packers","","","",""
"5e181089-15b3-4ebe-9627-169c0c094fa4","Dareke","Young","406","0.0","WR177","WR","Las Vegas Raiders","","","",""
"ea660eea-18d7-4d0a-8ba2-93c6b0754892","Andre","Baccellia","407","0.0","WR178","WR","Arizona Cardinals","","","",""
"4105fa81-4ff4-4f04-976c-8ee74d940006","Jalen","Brooks","408","0.0","WR179","WR","Arizona Cardinals","","","",""
"f5d08b08-7293-4d9d-a046-0be9e82df339","Michael","Bandy","409","0.0","WR180","WR","Denver Broncos","","","",""
"3b16e49b-a0ff-429b-86f2-750b34b69245","Brycen","Tremayne","410","0.0","WR181","WR","Carolina Panthers","","","",""
"0580183e-b849-4628-a509-f910bd2b4780","Josh","Cameron","411","0.0","WR182","WR","Jacksonville Jaguars","","","",""
"313fa492-ec28-47a6-9212-207a7795b973","Jeshaun","Jones","412","0.0","WR183","WR","Minnesota Vikings","","","",""
"ba2126c0-facf-4d9c-bb55-7f2c9e81d104","Mason","Kinsey","413","0.0","WR184","WR","Tennessee Titans","","","",""
